time,x,y,z
0,0.03,0.0,-0.87
100,0.04,0.0,-0.88
200,0.04,0.0,-0.87
300,0.04,0.0,-0.88
400,0.03,0.0,-0.87
500,0.03,0.0,-0.86
600,0.04,0.0,-0.87
700,0.03,0.0,-0.88
800,0.03,0.0,-0.86
900,0.04,0.0,-0.88
1000,0.04,0.0,-0.86
1100,0.04,0.0,-0.87
1200,0.03,0.0,-0.87
1300,0.04,0.0,-0.86
1400,0.04,0.0,-0.87
1500,0.04,0.0,-0.86
1600,0.04,0.01,-0.87
1700,0.04,0.0,-0.87
1800,0.04,0.0,-0.87
1900,0.04,0.0,-0.87
2000,0.04,0.01,-0.86
2100,0.04,0.0,-0.86
2200,0.04,0.0,-0.88
2300,0.04,0.01,-0.88
2400,0.04,0.0,-0.87
2500,0.04,0.01,-0.87
2600,0.04,0.0,-0.87
2700,0.03,0.0,-0.86
2800,0.03,0.0,-0.87
2900,0.04,0.0,-0.87
3000,0.03,0.0,-0.87
3100,0.04,0.0,-0.86
3200,0.04,0.01,-0.86
3300,0.04,0.0,-0.87
3400,0.04,0.0,-0.87
3500,0.04,0.0,-0.86
3600,0.04,0.01,-0.86
3700,0.04,0.0,-0.87
3800,0.04,0.0,-0.88
3900,0.03,0.0,-0.87
4000,0.04,0.0,-0.86
4100,0.04,0.0,-0.87
4200,0.04,0.0,-0.86
4300,0.04,0.0,-0.87
4400,0.04,0.0,-0.86
4500,0.03,0.01,-0.86
4600,0.03,-0.0,-0.86
4700,0.04,0.0,-0.88
4800,0.03,0.0,-0.87
4900,0.04,0.0,-0.87
5000,0.03,0.0,-0.88
5100,0.04,0.0,-0.86
5200,0.03,-0.01,-0.95
5300,0.05,0.01,-0.82
5400,0.04,0.01,-0.86
5500,0.04,0.0,-0.87
5600,0.04,0.01,-0.88
5700,0.04,0.0,-0.87
5800,0.03,0.01,-0.87
5900,0.04,0.0,-0.87
6000,0.04,0.0,-0.87
6100,0.03,0.01,-0.87
6200,0.04,0.0,-0.88
6300,0.03,0.0,-0.87
6400,0.04,0.0,-0.87
6500,0.04,0.0,-0.87
6600,0.04,0.0,-0.87
6700,0.04,0.0,-0.87
6800,0.04,0.0,-0.87
6900,0.04,0.0,-0.86
7000,0.04,0.0,-0.87
7100,0.04,0.0,-0.87
7200,0.04,0.01,-0.86
7300,0.04,0.0,-0.87
7400,0.04,0.0,-0.86
7500,0.04,0.01,-0.87
7600,0.04,0.0,-0.87
7700,0.04,0.0,-0.88
7800,0.04,0.0,-0.87
7900,0.04,0.0,-0.87
8000,0.04,0.0,-0.87
8100,0.04,0.0,-0.87
8200,0.04,0.0,-0.86
8300,0.03,0.0,-0.87
8400,0.04,0.0,-0.87
8500,0.04,0.0,-0.86
8600,0.04,0.0,-0.86
8700,0.04,0.0,-0.87
8800,0.04,0.0,-0.87
8900,0.03,0.0,-0.86
9000,0.04,0.0,-0.87
9100,0.04,0.0,-0.87
9200,0.04,0.0,-0.87
9300,0.04,0.0,-0.87
9400,0.03,0.01,-0.87
9500,0.04,0.0,-0.87
9600,0.04,0.0,-0.87
9700,0.04,0.02,-0.91
9800,0.04,0.01,-0.86
9900,0.04,0.0,-0.88
10000,0.04,0.0,-0.86
10100,0.03,0.0,-0.87
10200,0.03,-0.01,-0.88
10300,0.03,0.01,-0.86
10400,0.04,0.0,-0.86
10500,0.04,0.0,-0.86
10600,0.02,0.02,-0.84
10700,0.04,0.0,-0.87
10800,0.04,0.0,-0.86
10900,0.03,0.0,-0.88
11000,0.04,0.01,-0.88
11100,0.04,0.0,-0.86
11200,0.03,0.0,-0.86
11300,0.03,0.0,-0.88
11400,0.03,0.01,-0.86
11500,0.04,0.0,-0.88
11600,0.04,0.01,-0.86
11700,0.04,0.01,-0.88
11800,0.04,0.0,-0.87
11900,0.04,0.02,-0.92
12000,0.05,0.0,-0.87
12100,0.02,0.02,-0.8
12200,0.04,0.0,-0.87
12300,0.04,0.0,-0.88
12400,0.04,0.0,-0.87
12500,0.04,0.0,-0.88
12600,0.06,0.02,-0.81
12700,0.06,-0.02,-0.86
12800,0.04,-0.01,-0.88
12900,0.04,0.01,-0.86
13000,0.03,0.01,-0.86
13100,0.04,0.0,-0.89
13200,0.04,0.0,-0.86
13300,0.03,0.0,-0.88
13400,0.06,0.0,-0.95
13500,0.04,0.01,-0.88
13600,0.04,0.0,-0.87
13700,0.04,0.02,-0.87
13800,0.02,0.03,-0.86
13900,0.0,0.02,-0.92
14000,0.03,0.01,-0.86
14100,0.03,0.0,-0.97
14200,0.04,0.0,-0.86
14300,0.03,0.0,-0.86
14400,0.04,0.01,-0.87
14500,0.04,0.0,-0.86
14600,0.03,0.0,-0.87
14700,0.05,0.0,-0.89
14800,0.02,0.0,-0.86
14900,0.03,0.01,-0.85
15000,0.05,-0.03,-0.84
15100,0.03,0.02,-0.88
15200,0.05,0.01,-0.88
15300,0.02,0.02,-0.87
15400,0.03,0.0,-0.88
15500,0.04,0.0,-0.86
15600,0.04,0.0,-0.86
15700,0.04,0.01,-0.85
15800,0.04,0.0,-0.87
15900,0.03,0.0,-0.87
16000,0.03,0.0,-0.84
16100,0.05,0.0,-0.88
16200,0.03,0.01,-0.86
16300,0.05,0.0,-0.87
16400,0.04,0.0,-0.85
16500,0.03,0.0,-0.88
16600,0.04,0.0,-0.87
16700,0.03,0.01,-0.87
16800,0.04,0.0,-0.88
16900,0.05,0.0,-0.83
17000,0.04,0.01,-0.88
17100,0.03,0.0,-0.88
17200,0.04,0.04,-0.85
17300,0.03,0.01,-0.85
17400,0.05,0.0,-0.88
17500,0.03,0.0,-0.84
17600,0.04,0.01,-0.87
17700,0.04,0.0,-0.87
17800,0.03,0.01,-0.87
17900,0.03,0.01,-0.87
18000,0.04,0.0,-0.85
18100,0.04,0.0,-0.87
18200,0.03,0.0,-0.87
18300,0.04,0.01,-0.86
18400,0.03,0.01,-0.89
18500,0.03,0.01,-0.88
18600,0.04,0.0,-0.84
18700,0.04,0.0,-0.87
18800,0.03,0.01,-0.82
18900,0.04,0.01,-0.88
19000,0.04,0.0,-0.88
19100,0.03,-0.01,-0.87
19200,0.04,0.01,-0.88
19300,0.04,0.0,-0.87
19400,0.04,0.0,-0.87
19500,0.03,0.0,-0.91
19600,0.03,0.0,-0.89
19700,0.04,0.01,-0.87
19800,0.02,0.01,-0.87
19900,0.04,0.01,-0.89
20000,0.04,0.01,-0.88
20100,0.04,0.01,-0.87
20200,0.04,0.0,-0.87
20300,0.04,0.0,-0.86
20400,0.05,0.0,-0.89
20500,0.03,0.01,-0.9
20600,0.04,0.01,-0.87
20700,0.02,0.02,-0.86
20800,0.04,0.03,-0.88
20900,0.04,0.01,-0.86
21000,0.06,-0.0,-0.89
21100,0.03,0.0,-0.86
21200,0.04,0.0,-0.83
21300,0.03,0.0,-0.88
21400,0.04,0.0,-0.87
21500,0.03,0.01,-0.87
21600,0.04,0.01,-0.86
21700,0.04,0.0,-0.86
21800,0.04,0.01,-0.86
21900,0.02,0.01,-0.95
22000,0.04,-0.01,-0.89
22100,0.04,0.0,-0.87
22200,0.03,0.01,-0.86
22300,0.04,0.04,-0.9
22400,0.02,0.04,-0.88
22500,0.03,0.05,-0.86
22600,0.04,0.0,-0.88
22700,0.05,0.01,-0.86
22800,0.03,-0.0,-0.85
22900,0.05,0.0,-0.86
23000,0.03,0.01,-0.86
23100,0.03,0.0,-0.87
23200,0.04,0.0,-0.87
23300,0.04,0.01,-0.88
23400,0.04,-0.01,-0.8
23500,0.05,0.0,-0.86
23600,0.04,0.0,-0.89
23700,0.03,0.01,-0.86
23800,0.03,0.01,-0.88
23900,0.03,0.0,-0.84
24000,0.03,-0.02,-0.84
24100,0.02,0.01,-0.88
24200,-0.0,0.05,-0.87
24300,0.0,0.1,-0.86
24400,0.07,-0.0,-0.92
24500,0.06,-0.03,-0.88
24600,0.05,-0.02,-0.84
24700,0.03,0.01,-0.86
24800,0.05,0.0,-0.87
24900,0.02,0.0,-0.86
25000,0.04,0.0,-0.86
25100,0.03,0.0,-0.84
25200,0.03,0.03,-0.9
25300,0.04,0.0,-0.87
25400,0.03,0.0,-0.86
25500,0.04,0.01,-0.87
25600,0.03,0.01,-0.87
25700,0.04,0.0,-0.87
25800,0.04,0.0,-0.86
25900,0.02,0.01,-0.88
26000,0.03,0.01,-0.87
26100,0.03,-0.0,-0.86
26200,0.04,-0.0,-0.86
26300,0.05,-0.0,-0.88
26400,0.01,0.07,-0.87
26500,0.01,0.04,-0.87
26600,0.08,0.02,-0.86
26700,0.04,0.02,-0.86
26800,0.02,0.01,-0.88
26900,0.04,0.01,-0.86
27000,0.03,0.0,-0.87
27100,0.04,0.0,-0.86
27200,0.04,0.0,-0.87
27300,0.04,0.01,-0.86
27400,0.03,0.0,-0.84
27500,0.02,0.02,-0.86
27600,0.03,0.0,-0.87
27700,0.02,0.01,-0.86
27800,0.04,0.01,-0.87
27900,0.04,0.0,-0.87
28000,0.04,0.01,-0.86
28100,0.04,0.01,-0.88
28200,0.04,0.01,-0.85
28300,0.03,0.02,-0.86
28400,0.04,0.0,-0.87
28500,0.04,0.01,-0.87
28600,0.04,0.01,-0.86
28700,0.03,0.01,-0.86
28800,0.04,0.0,-0.87
28900,0.03,0.01,-0.88
29000,0.04,0.0,-0.86
29100,0.04,0.01,-0.87
29200,0.04,0.0,-0.87
29300,0.04,0.0,-0.87
29400,0.04,0.01,-0.86
29500,0.04,0.01,-0.81
29600,0.05,0.0,-0.86
29700,0.04,0.01,-0.85
29800,0.03,0.01,-0.86
29900,0.03,0.01,-0.88
30000,0.04,0.0,-0.86
30100,0.04,0.01,-0.87
30200,0.02,0.04,-0.87
30300,0.02,0.02,-0.9
30400,0.02,0.0,-0.87
30500,0.02,0.01,-0.86
30600,0.04,0.02,-0.86
30700,0.04,0.01,-0.88
30800,0.04,0.0,-0.88
30900,0.04,0.0,-0.87
31000,0.04,0.0,-0.86
31100,0.04,0.01,-0.86
31200,0.04,0.01,-0.87
31300,0.03,-0.0,-0.88
31400,0.04,0.0,-0.88
31500,0.05,0.02,-0.9
31600,0.04,0.01,-0.87
31700,0.04,0.01,-0.84
31800,0.03,0.03,-0.88
31900,0.03,0.0,-0.87
32000,0.04,0.01,-0.88
32100,0.04,0.0,-0.88
32200,0.04,0.0,-0.87
32300,0.05,0.01,-0.92
32400,0.04,0.01,-0.86
32500,0.04,0.0,-0.86
32600,0.04,0.0,-0.87
32700,0.04,0.0,-0.88
32800,0.03,0.01,-0.86
32900,0.04,0.01,-0.88
33000,0.04,0.01,-0.87
33100,0.03,0.01,-0.86
33200,0.06,0.01,-0.9
33300,0.04,0.01,-0.83
33400,0.01,0.0,-0.88
33500,0.04,0.01,-0.88
33600,0.02,0.01,-0.89
33700,0.04,0.0,-0.88
33800,0.04,0.0,-0.87
33900,0.03,0.01,-0.87
34000,0.03,0.01,-0.87
34100,0.04,0.0,-0.87
34200,0.04,0.0,-0.85
34300,0.01,0.02,-0.83
34400,0.03,0.01,-0.88
34500,0.04,0.0,-0.88
34600,0.03,0.0,-0.86
34700,0.04,0.0,-0.88
34800,0.04,0.01,-0.86
34900,0.04,0.0,-0.88
35000,0.04,0.0,-0.87
35100,0.03,0.0,-0.87
35200,0.04,0.02,-0.88
35300,0.05,0.0,-0.87
35400,0.03,0.02,-0.86
35500,0.04,0.01,-0.88
35600,0.04,0.0,-0.86
35700,0.03,0.0,-0.86
35800,0.03,0.0,-0.87
35900,0.04,0.0,-0.87
36000,0.03,0.01,-0.86
36100,0.04,0.0,-0.87
36200,0.04,0.0,-0.86
36300,0.04,0.0,-0.87
36400,0.03,0.0,-0.85
36500,0.03,0.0,-0.89
36600,0.03,0.0,-0.88
36700,0.04,0.0,-0.88
36800,0.03,0.01,-0.9
36900,0.04,0.01,-0.87
37000,0.04,0.0,-0.86
37100,0.03,0.01,-0.89
37200,0.04,0.02,-0.88
37300,0.03,0.01,-0.87
37400,0.04,0.01,-0.87
37500,0.02,0.0,-0.85
37600,0.03,0.01,-0.86
37700,0.03,0.0,-0.87
37800,0.04,0.01,-0.87
37900,0.03,0.01,-0.89
38000,0.05,-0.0,-0.84
38100,0.04,0.01,-0.87
38200,0.02,0.01,-0.87
38300,0.04,0.0,-0.86
38400,0.04,0.0,-0.88
38500,0.04,0.01,-0.87
38600,0.04,0.01,-0.86
38700,0.04,0.01,-0.86
38800,0.04,0.01,-0.86
38900,0.04,0.01,-0.86
39000,0.04,0.01,-0.89
39100,0.04,0.0,-0.86
39200,0.05,0.0,-0.88
39300,0.02,0.01,-0.89
39400,0.04,0.0,-0.86
39500,0.04,0.01,-0.86
39600,0.03,0.0,-0.88
39700,0.03,0.0,-0.86
39800,0.04,0.01,-0.88
39900,0.04,0.01,-0.86
40000,0.03,0.01,-0.86
40100,0.04,0.0,-0.89
40200,0.04,0.0,-0.85
40300,0.04,0.02,-0.93
40400,0.01,0.02,-0.87
40500,0.03,0.02,-0.89
40600,0.04,0.0,-0.86
40700,0.03,0.0,-0.86
40800,0.04,0.0,-0.88
40900,0.02,0.02,-0.85
41000,0.03,0.0,-0.87
41100,0.04,0.0,-0.87
41200,0.04,0.0,-0.87
41300,0.04,0.0,-0.86
41400,0.02,0.01,-0.89
41500,0.04,0.02,-0.87
41600,0.03,0.02,-0.89
41700,0.02,0.01,-0.87
41800,0.04,0.01,-0.86
41900,0.04,0.0,-0.88
42000,0.04,0.01,-0.86
42100,0.03,0.0,-0.83
42200,0.05,0.0,-0.84
42300,0.04,0.0,-0.87
42400,0.03,0.01,-0.86
42500,0.04,0.01,-0.86
42600,0.0,0.02,-0.74
42700,0.04,0.02,-0.87
42800,0.04,0.01,-0.84
42900,0.03,0.01,-0.88
43000,0.02,0.01,-0.84
43100,0.03,0.01,-0.88
43200,0.04,0.0,-0.87
43300,0.05,0.02,-0.93
43400,0.04,0.0,-0.88
43500,0.04,0.0,-0.87
43600,0.04,0.01,-0.86
43700,0.02,0.0,-0.88
43800,0.04,0.01,-0.85
43900,0.03,0.01,-0.88
44000,0.04,0.01,-0.87
44100,0.05,0.02,-0.9
44200,0.04,0.01,-0.88
44300,0.05,0.01,-0.89
44400,0.02,0.02,-0.86
44500,0.04,0.02,-0.86
44600,0.05,0.0,-0.86
44700,0.04,0.0,-0.86
44800,0.02,0.02,-0.88
44900,0.04,0.01,-0.87
45000,0.05,0.0,-0.88
45100,0.03,0.0,-0.86
45200,0.04,0.01,-0.85
45300,0.03,0.0,-0.86
45400,0.04,0.0,-0.86
45500,0.04,0.01,-0.87
45600,0.04,0.01,-0.86
45700,0.04,0.0,-0.86
45800,0.04,0.0,-0.87
45900,0.04,0.01,-0.87
46000,0.04,0.01,-0.88
46100,0.03,0.01,-0.87
46200,0.03,0.02,-0.86
46300,0.06,0.0,-0.86
46400,0.03,0.0,-0.88
46500,0.05,-0.0,-0.86
46600,0.08,-0.02,-0.93
46700,0.04,0.05,-0.85
46800,0.03,0.01,-0.86
46900,0.06,0.0,-0.86
47000,0.04,0.0,-0.87
47100,0.03,0.01,-0.88
47200,0.03,0.0,-0.87
47300,0.03,0.01,-0.88
47400,0.03,0.01,-0.87
47500,0.04,0.0,-0.87
47600,0.04,0.02,-0.91
47700,0.06,0.01,-0.91
47800,0.04,0.0,-0.82
47900,0.02,0.01,-0.88
48000,0.05,-0.0,-0.88
48100,0.03,0.0,-0.86
48200,0.04,0.0,-0.88
48300,0.04,0.0,-0.88
48400,0.01,0.04,-0.86
48500,-0.04,0.09,-0.87
48600,0.01,0.04,-0.9
48700,0.08,-0.02,-0.86
48800,0.03,-0.02,-0.86
48900,0.02,0.01,-0.88
49000,0.04,0.01,-0.87
49100,0.03,0.01,-0.87
49200,0.03,0.01,-0.87
49300,0.03,0.0,-0.87
49400,0.03,0.01,-0.88
49500,0.03,0.01,-0.88
49600,0.03,0.01,-0.89
49700,0.04,0.01,-0.87
49800,0.04,0.01,-0.89
49900,0.04,0.01,-0.87
50000,0.05,0.0,-0.87
50100,0.09,-0.02,-0.89
50200,0.05,0.0,-0.85
50300,0.02,0.04,-0.84
50400,0.03,0.03,-0.91
50500,0.04,0.01,-0.85
50600,0.04,0.0,-0.88
50700,0.03,0.01,-0.84
50800,0.03,0.01,-0.88
50900,0.03,0.01,-0.87
51000,0.06,0.0,-0.84
51100,0.04,0.01,-0.88
51200,0.03,0.0,-0.87
51300,0.04,0.0,-0.87
51400,0.04,0.02,-0.89
51500,0.04,0.01,-0.86
51600,0.04,0.01,-0.88
51700,0.04,0.0,-0.86
51800,0.04,0.01,-0.88
51900,0.03,0.02,-0.85
52000,0.05,0.01,-0.9
52100,0.04,0.0,-0.86
52200,0.03,0.01,-0.87
52300,0.03,0.0,-0.86
52400,0.03,0.01,-0.87
52500,0.04,0.0,-0.88
52600,0.04,0.0,-0.87
52700,0.03,0.0,-0.84
52800,0.04,0.0,-0.87
52900,0.04,0.01,-0.88
53000,0.04,0.0,-0.88
53100,0.03,0.0,-0.87
53200,0.04,0.0,-0.82
53300,0.05,0.0,-0.86
53400,0.03,0.01,-0.88
53500,0.04,0.01,-0.88
53600,0.04,0.0,-0.87
53700,0.04,-0.02,-0.82
53800,0.03,0.01,-0.86
53900,0.04,0.0,-0.87
54000,0.04,0.0,-0.88
54100,0.04,0.0,-0.86
54200,0.04,0.01,-0.88
54300,0.02,0.01,-0.84
54400,0.04,0.02,-0.87
54500,0.05,0.03,-0.91
54600,0.04,0.0,-0.87
54700,0.04,0.0,-0.86
54800,0.04,0.02,-0.92
54900,0.02,0.0,-0.81
55000,0.04,0.0,-0.87
55100,0.03,0.0,-0.87
55200,0.04,0.01,-0.86
55300,0.02,0.0,-0.84
55400,0.03,0.01,-0.88
55500,0.03,0.0,-0.87
55600,0.03,0.01,-0.88
55700,0.03,0.01,-0.86
55800,0.03,0.01,-0.8
55900,0.05,0.01,-0.88
56000,0.04,0.01,-0.87
56100,0.04,0.0,-0.86
56200,0.03,0.01,-0.86
56300,0.05,0.01,-0.8
56400,0.03,0.0,-0.86
56500,0.03,0.01,-0.87
56600,0.03,0.01,-0.89
56700,0.04,0.01,-0.87
56800,0.03,0.0,-0.87
56900,0.04,0.01,-0.87
57000,0.05,0.0,-0.88
57100,0.04,0.0,-0.89
57200,0.03,0.02,-0.87
57300,0.04,0.01,-0.87
57400,0.04,0.01,-0.88
57500,0.04,0.01,-0.87
57600,0.04,0.0,-0.88
57700,0.03,0.01,-0.87
57800,0.04,0.01,-0.87
57900,0.04,0.0,-0.86
58000,0.04,0.0,-0.87
58100,0.04,0.01,-0.86
58200,0.04,0.0,-0.88
58300,0.04,0.01,-0.85
58400,0.04,0.0,-0.87
58500,0.04,0.0,-0.86
58600,0.04,0.0,-0.86
58700,0.05,0.02,-0.84
58800,0.02,0.0,-0.84
58900,0.04,0.0,-0.88
59000,0.04,0.0,-0.86
59100,0.05,0.02,-0.85
59200,0.02,0.03,-0.86
59300,0.04,0.01,-0.87
59400,0.04,-0.0,-0.86
59500,0.05,-0.01,-0.88
59600,0.02,0.0,-0.86
59700,0.04,0.01,-0.88
59800,0.03,0.0,-0.87
59900,0.04,0.01,-0.87
60000,0.04,0.0,-0.86
60100,0.06,0.0,-0.85
60200,0.03,0.02,-0.86
60300,0.02,0.01,-0.88
60400,0.04,0.0,-0.86
60500,0.04,0.01,-0.86
60600,0.03,0.0,-0.87
60700,0.04,0.01,-0.87
60800,0.03,0.01,-0.86
60900,0.03,0.01,-0.87
61000,0.04,0.0,-0.87
61100,0.04,-0.01,-0.84
61200,0.04,0.0,-0.88
61300,0.04,0.0,-0.86
61400,0.04,0.0,-0.86
61500,0.04,0.0,-0.87
61600,0.04,0.01,-0.86
61700,0.02,-0.01,-0.83
61800,0.05,0.0,-0.87
61900,0.04,0.0,-0.86
62000,0.04,0.0,-0.87
62100,0.04,0.0,-0.86
62200,0.02,0.01,-0.87
62300,0.04,0.0,-0.87
62400,0.04,0.0,-0.87
62500,0.04,0.0,-0.87
62600,0.04,0.02,-0.84
62700,0.04,0.0,-0.88
62800,0.02,0.01,-0.87
62900,0.04,0.01,-0.88
63000,0.03,0.0,-0.86
63100,0.04,0.0,-0.87
63200,0.02,0.0,-0.9
63300,0.04,0.0,-0.88
63400,0.04,0.01,-0.86
63500,0.04,0.01,-0.87
63600,0.03,0.01,-0.86
63700,0.03,0.0,-0.88
63800,0.03,0.01,-0.87
63900,0.04,0.01,-0.87
64000,0.03,0.01,-0.87
64100,0.0,0.0,-0.94
64200,0.03,0.0,-0.85
64300,0.03,0.01,-0.86
64400,0.03,0.01,-0.86
64500,0.04,0.0,-0.85
64600,0.04,0.01,-0.86
64700,0.04,0.01,-0.86
64800,0.04,0.01,-0.87
64900,0.03,0.01,-0.87
65000,0.05,-0.02,-0.85
65100,0.04,-0.02,-0.85
65200,0.04,0.0,-0.86
65300,0.06,0.0,-0.84
65400,0.04,0.01,-0.85
65500,0.05,-0.01,-0.88
65600,0.05,0.02,-0.86
65700,0.04,0.02,-0.8
65800,0.05,0.0,-0.88
65900,0.04,0.0,-0.87
66000,0.04,0.01,-0.86
66100,0.03,0.01,-0.86
66200,0.04,0.0,-0.86
66300,0.04,0.0,-0.88
66400,0.04,0.01,-0.87
66500,0.04,0.0,-0.87
66600,0.04,0.0,-0.86
66700,0.04,0.0,-0.87
66800,0.04,0.0,-0.87
66900,0.03,0.01,-0.86
67000,0.04,0.01,-0.87
67100,0.05,-0.0,-0.88
67200,0.03,0.0,-0.88
67300,0.03,0.0,-0.87
67400,0.04,0.01,-0.88
67500,0.04,0.0,-0.88
67600,0.03,0.01,-0.86
67700,0.04,0.0,-0.89
67800,0.04,0.01,-0.88
67900,0.04,0.01,-0.87
68000,0.04,0.0,-0.86
68100,0.05,0.0,-0.9
68200,0.02,0.02,-0.87
68300,0.08,0.0,-0.9
68400,0.02,0.03,-0.85
68500,0.04,0.0,-0.87
68600,0.03,0.0,-0.88
68700,0.04,0.01,-0.86
68800,0.04,0.01,-0.87
68900,0.03,0.01,-0.86
69000,0.04,0.01,-0.86
69100,0.03,0.0,-0.86
69200,0.03,0.02,-0.88
69300,0.03,0.01,-0.87
69400,0.05,0.0,-0.85
69500,0.04,0.0,-0.87
69600,0.04,0.01,-0.87
69700,0.03,0.0,-0.86
69800,0.04,0.0,-0.88
69900,0.03,0.0,-0.86
70000,0.05,0.0,-0.88
70100,0.04,0.01,-0.87
70200,0.03,0.01,-0.86
70300,0.04,0.01,-0.87
70400,0.03,0.0,-0.87
70500,0.03,0.0,-0.87
70600,0.04,0.01,-0.87
70700,0.02,0.02,-0.87
70800,0.03,0.01,-0.87
70900,0.04,0.0,-0.87
71000,0.04,0.0,-0.86
71100,0.03,0.0,-0.85
71200,0.04,-0.01,-0.77
71300,0.03,0.01,-0.87
71400,0.03,0.0,-0.86
71500,0.03,0.0,-0.88
71600,0.04,0.0,-0.88
71700,0.04,0.03,-0.86
71800,0.02,0.01,-0.85
71900,0.05,0.01,-0.87
72000,0.04,0.0,-0.87
72100,0.04,0.0,-0.86
72200,0.04,0.0,-0.87
72300,0.04,0.0,-0.88
72400,0.04,0.0,-0.86
72500,0.04,0.0,-0.86
72600,0.04,-0.0,-0.86
72700,0.05,0.0,-0.87
72800,0.04,0.0,-0.86
72900,0.04,0.01,-0.88
73000,0.03,0.02,-0.87
73100,0.04,0.0,-0.87
73200,0.03,0.01,-0.87
73300,0.05,0.01,-0.92
73400,0.04,0.0,-0.86
73500,0.04,0.0,-0.88
73600,0.04,0.02,-0.86
73700,0.05,-0.02,-0.8
73800,0.04,0.01,-0.88
73900,0.04,0.01,-0.88
74000,0.04,0.0,-0.86
74100,0.05,0.01,-0.88
74200,0.04,0.01,-0.87
74300,0.03,0.01,-0.86
74400,0.04,0.01,-0.88
74500,0.03,0.0,-0.87
74600,0.04,0.0,-0.87
74700,0.04,0.0,-0.87
74800,0.04,0.0,-0.87
74900,0.03,0.01,-0.87
75000,0.02,0.01,-0.87
75100,0.04,0.0,-0.87
75200,0.05,0.0,-0.87
75300,0.04,0.0,-0.86
75400,0.05,0.0,-0.87
75500,0.05,0.0,-0.88
75600,0.03,0.01,-0.86
75700,0.03,0.0,-0.86
75800,0.04,0.02,-0.88
75900,0.03,0.01,-0.84
76000,0.04,0.0,-0.88
76100,0.04,0.0,-0.87
76200,0.04,0.01,-0.87
76300,0.04,0.0,-0.88
76400,0.04,0.01,-0.87
76500,0.04,0.0,-0.87
76600,0.04,0.0,-0.87
76700,0.04,0.01,-0.87
76800,0.04,0.01,-0.88
76900,0.03,0.0,-0.85
77000,0.04,0.0,-0.87
77100,0.04,0.01,-0.87
77200,0.03,0.01,-0.87
77300,0.04,0.0,-0.87
77400,0.03,0.01,-0.87
77500,0.04,0.0,-0.86
77600,0.04,0.0,-0.89
77700,0.03,0.01,-0.86
77800,0.04,0.0,-0.87
77900,0.03,0.01,-0.86
78000,0.04,0.0,-0.86
78100,0.03,-0.01,-0.85
78200,0.04,0.01,-0.86
78300,0.04,0.0,-0.84
78400,0.04,0.0,-0.86
78500,0.03,0.02,-0.86
78600,0.04,0.02,-0.88
78700,0.04,0.02,-0.87
78800,0.04,0.0,-0.88
78900,0.04,0.0,-0.87
79000,0.03,0.0,-0.88
79100,0.04,0.0,-0.86
79200,0.04,0.01,-0.87
79300,0.04,0.02,-0.88
79400,0.04,0.01,-0.86
79500,0.04,0.0,-0.88
79600,0.03,0.0,-0.85
79700,0.04,0.0,-0.86
79800,0.04,0.0,-0.89
79900,0.03,0.01,-0.86
80000,0.04,0.0,-0.87
80100,0.03,0.01,-0.86
80200,0.04,0.0,-0.87
80300,0.04,0.01,-0.86
80400,0.03,0.01,-0.85
80500,0.0,0.02,-0.82
80600,0.05,0.0,-0.87
80700,0.04,0.01,-0.87
80800,0.04,0.0,-0.86
80900,0.03,0.01,-0.86
81000,0.04,0.01,-0.86
81100,0.04,0.01,-0.87
81200,0.04,0.01,-0.87
81300,0.05,0.0,-0.86
81400,0.04,0.0,-0.87
81500,0.04,0.01,-0.87
81600,0.04,0.0,-0.87
81700,0.04,0.01,-0.87
81800,0.04,0.0,-0.87
81900,0.06,0.01,-0.87
82000,0.05,-0.0,-0.87
82100,0.04,-0.02,-0.82
82200,0.04,0.0,-0.88
82300,0.04,0.0,-0.87
82400,0.03,0.03,-0.87
82500,0.03,0.02,-0.87
82600,0.04,0.01,-0.87
82700,0.05,0.0,-0.86
82800,0.02,0.01,-0.86
82900,0.04,0.0,-0.87
83000,0.03,0.0,-0.83
83100,0.04,0.01,-0.86
83200,0.04,0.0,-0.88
83300,0.04,0.0,-0.9
83400,0.04,0.0,-0.86
83500,0.04,0.01,-0.88
83600,0.03,0.01,-0.87
83700,0.04,-0.01,-0.89
83800,0.0,0.06,-0.88
83900,0.03,0.02,-0.88
84000,0.06,0.0,-0.89
84100,0.04,-0.0,-0.87
84200,0.02,0.01,-0.87
84300,0.03,0.0,-0.87
84400,0.03,0.0,-0.86
84500,0.04,0.01,-0.88
84600,0.04,0.0,-0.87
84700,0.04,0.0,-0.87
84800,0.04,0.0,-0.89
84900,0.05,0.01,-0.91
85000,0.04,0.01,-0.87
85100,0.04,0.0,-0.87
85200,0.03,0.01,-0.87
85300,0.03,0.01,-0.87
85400,0.03,0.01,-0.86
85500,0.03,0.01,-0.88
85600,0.04,0.02,-0.84
85700,0.04,0.0,-0.87
85800,0.04,0.01,-0.87
85900,0.04,0.0,-0.88
86000,0.04,0.0,-0.87
86100,0.03,0.0,-0.86
86200,0.03,-0.0,-0.91
86300,0.03,0.01,-0.85
86400,0.04,0.01,-0.88
86500,0.04,0.0,-0.87
86600,0.04,0.0,-0.85
86700,0.03,0.01,-0.88
86800,0.04,0.0,-0.87
86900,0.02,0.01,-0.87
87000,0.03,0.01,-0.89
87100,0.03,0.01,-0.88
87200,0.04,0.0,-0.87
87300,0.04,0.0,-0.85
87400,0.03,0.01,-0.86
87500,0.05,0.0,-0.88
87600,0.02,0.02,-0.86
87700,0.04,0.01,-0.88
87800,0.04,0.01,-0.85
87900,0.04,0.0,-0.88
88000,0.04,0.01,-0.86
88100,0.04,-0.01,-0.92
88200,0.04,0.01,-0.86
88300,0.04,0.0,-0.87
88400,0.03,0.01,-0.89
88500,0.04,0.01,-0.9
88600,0.03,0.01,-0.86
88700,0.04,0.01,-0.88
88800,0.05,0.0,-0.86
88900,0.02,0.02,-0.84
89000,0.02,0.01,-0.83
89100,0.03,0.0,-0.86
89200,0.03,0.01,-0.86
89300,0.03,0.02,-0.88
89400,0.03,0.01,-0.85
89500,0.04,0.01,-0.88
89600,0.03,0.0,-0.88
89700,0.03,0.02,-0.88
89800,0.03,0.01,-0.88
89900,0.03,0.0,-0.82
90000,0.03,0.0,-0.87
90100,0.04,0.0,-0.88
90200,0.04,0.0,-0.87
90300,0.04,0.02,-0.86
90400,0.04,0.0,-0.87
90500,0.03,0.01,-0.86
90600,0.04,0.0,-0.88
90700,0.04,0.01,-0.87
90800,0.04,0.0,-0.87
90900,0.04,0.01,-0.85
91000,0.04,0.01,-0.87
91100,0.05,0.02,-0.84
91200,0.03,0.0,-0.88
91300,0.03,0.01,-0.87
91400,0.04,0.01,-0.89
91500,0.04,0.0,-0.88
91600,0.04,0.0,-0.85
91700,0.03,0.02,-0.86
91800,0.04,0.02,-0.88
91900,0.04,0.0,-0.86
92000,0.04,0.0,-0.86
92100,0.04,0.0,-0.87
92200,0.04,0.01,-0.88
92300,0.04,0.0,-0.87
92400,0.05,0.0,-0.86
92500,0.03,0.01,-0.87
92600,0.03,0.01,-0.87
92700,0.03,0.01,-0.87
92800,0.04,0.0,-0.88
92900,0.04,0.0,-0.86
93000,0.03,0.01,-0.86
93100,0.04,0.01,-0.85
93200,0.04,0.0,-0.87
93300,0.04,0.01,-0.87
93400,0.04,0.0,-0.88
93500,0.04,0.0,-0.87
93600,0.04,0.02,-0.9
93700,0.04,0.01,-0.88
93800,0.03,0.01,-0.87
93900,0.03,0.0,-0.88
94000,0.03,0.01,-0.84
94100,0.04,0.01,-0.86
94200,0.04,0.0,-0.87
94300,0.04,0.01,-0.87
94400,0.05,0.02,-0.86
94500,0.04,0.0,-0.85
94600,0.03,0.01,-0.87
94700,0.04,0.01,-0.88
94800,0.04,0.01,-0.9
94900,0.02,0.02,-0.86
95000,0.06,0.0,-0.86
95100,0.04,0.01,-0.84
95200,0.04,0.0,-0.86
95300,0.04,0.0,-0.84
95400,0.04,0.01,-0.87
95500,0.03,0.01,-0.87
95600,0.04,0.01,-0.86
95700,0.04,0.02,-0.86
95800,0.02,0.01,-0.9
95900,0.03,0.0,-0.88
96000,0.04,0.0,-0.88
96100,0.04,0.02,-0.89
96200,0.08,-0.04,-0.81
96300,0.05,-0.01,-0.87
96400,0.02,0.0,-0.87
96500,0.05,0.03,-0.86
96600,0.04,0.01,-0.88
96700,0.02,0.03,-0.85
96800,0.04,0.0,-0.86
96900,0.03,0.0,-0.85
97000,0.04,0.0,-0.87
97100,0.03,0.0,-0.85
97200,0.04,-0.01,-0.88
97300,0.03,0.0,-0.86
97400,0.04,0.01,-0.87
97500,0.04,0.0,-0.88
97600,0.03,0.01,-0.87
97700,0.03,0.01,-0.88
97800,0.04,0.02,-0.93
97900,0.04,0.01,-0.87
98000,0.03,0.0,-0.85
98100,0.04,0.01,-0.88
98200,0.04,0.02,-0.87
98300,0.03,0.0,-0.86
98400,0.05,0.0,-0.88
98500,0.02,0.0,-0.8
98600,0.04,0.01,-0.88
98700,0.04,0.0,-0.88
98800,0.04,0.0,-0.86
98900,0.03,0.01,-0.87
99000,0.04,0.0,-0.86
99100,0.04,0.0,-0.87
99200,0.04,0.01,-0.87
99300,0.04,0.0,-0.87
99400,0.03,0.02,-0.88
99500,0.04,0.0,-0.87
99600,0.04,0.0,-0.87
99700,0.04,0.0,-0.87
99800,0.04,0.0,-0.86
99900,0.03,0.0,-0.88
100000,0.04,0.01,-0.86
100100,0.02,-0.0,-0.88
100200,0.04,0.01,-0.87
100300,0.04,0.01,-0.88
100400,0.04,0.0,-0.87
100500,0.04,0.01,-0.87
100600,0.04,0.01,-0.87
100700,0.04,0.01,-0.87
100800,0.04,0.0,-0.86
100900,0.04,0.0,-0.86
101000,0.04,0.0,-0.87
101100,0.04,0.0,-0.86
101200,0.04,0.0,-0.88
101300,0.03,0.0,-0.86
101400,0.04,0.01,-0.88
101500,0.04,0.0,-0.86
101600,0.04,0.01,-0.87
101700,0.03,0.0,-0.88
101800,0.04,0.0,-0.85
101900,0.04,0.0,-0.86
102000,0.04,0.02,-0.88
102100,0.04,0.02,-0.85
102200,0.04,0.0,-0.87
102300,0.02,0.01,-0.86
102400,0.04,0.01,-0.87
102500,0.03,0.01,-0.86
102600,0.03,0.01,-0.87
102700,0.03,0.0,-0.85
102800,0.04,0.01,-0.86
102900,0.04,0.01,-0.87
103000,0.04,0.0,-0.87
103100,0.04,0.0,-0.87
103200,0.04,0.0,-0.86
103300,0.03,0.0,-0.86
103400,0.04,0.01,-0.87
103500,0.04,0.0,-0.88
103600,0.04,0.01,-0.86
103700,0.04,0.0,-0.87
103800,0.05,0.0,-0.88
103900,0.03,0.01,-0.86
104000,0.04,0.01,-0.87
104100,0.03,0.01,-0.88
104200,0.04,0.0,-0.87
104300,0.02,0.01,-0.86
104400,0.04,0.02,-0.87
104500,0.03,0.01,-0.86
104600,0.04,0.0,-0.88
104700,0.04,0.0,-0.87
104800,0.04,0.01,-0.86
104900,0.04,0.0,-0.84
105000,0.04,-0.0,-0.86
105100,0.04,0.0,-0.85
105200,0.03,0.0,-0.86
105300,0.05,-0.0,-0.86
105400,0.04,0.0,-0.87
105500,0.04,0.0,-0.87
105600,0.03,0.01,-0.86
105700,0.03,0.0,-0.87
105800,0.05,0.02,-0.88
105900,0.04,0.0,-0.87
106000,0.04,0.01,-0.86
106100,0.04,-0.0,-0.87
106200,0.04,0.0,-0.87
106300,0.03,0.01,-0.87
106400,0.05,0.0,-0.9
106500,0.03,0.01,-0.88
106600,0.04,0.0,-0.87
106700,0.04,0.0,-0.86
106800,0.04,0.0,-0.87
106900,0.04,0.01,-0.91
107000,0.04,0.0,-0.87
107100,0.04,0.0,-0.87
107200,0.03,0.01,-0.86
107300,0.03,0.0,-0.87
107400,0.04,0.0,-0.86
107500,0.04,0.01,-0.86
107600,0.04,0.0,-0.86
107700,0.06,-0.01,-0.88
107800,0.02,0.02,-0.86
107900,0.02,0.01,-0.89
108000,0.03,0.0,-0.86
108100,0.03,-0.02,-0.82
108200,0.04,0.0,-0.88
108300,0.03,0.01,-0.86
108400,0.03,0.0,-0.86
108500,0.05,0.01,-0.88
108600,0.03,0.01,-0.86
108700,0.05,0.0,-0.87
108800,0.04,0.0,-0.89
108900,0.04,0.01,-0.87
109000,0.03,0.0,-0.88
109100,0.04,0.0,-0.87
109200,0.04,0.0,-0.87
109300,0.04,0.0,-0.87
109400,0.04,0.01,-0.88
109500,0.04,0.0,-0.88
109600,0.03,0.02,-0.8
109700,0.02,0.02,-0.86
109800,0.04,0.01,-0.89
109900,0.04,0.0,-0.87
110000,0.04,0.0,-0.87
110100,0.04,0.01,-0.88
110200,0.03,0.02,-0.87
110300,0.04,0.01,-0.88
110400,0.03,0.0,-0.85
110500,0.04,0.01,-0.88
110600,0.03,0.0,-0.87
110700,0.04,0.0,-0.86
110800,0.04,0.0,-0.88
110900,0.04,0.0,-0.88
111000,0.04,0.01,-0.86
111100,0.04,0.01,-0.87
111200,0.04,0.0,-0.86
111300,0.04,0.01,-0.86
111400,0.04,0.0,-0.88
111500,0.04,0.0,-0.87
111600,0.03,0.01,-0.87
111700,0.03,-0.01,-0.87
111800,0.04,0.0,-0.87
111900,0.04,0.02,-0.87
112000,0.04,0.01,-0.87
112100,0.06,0.0,-0.87
112200,0.04,0.0,-0.87
112300,0.04,0.01,-0.87
112400,0.04,0.04,-0.83
112500,0.04,0.0,-0.89
112600,0.04,0.0,-0.86
112700,0.03,0.0,-0.86
112800,0.04,0.0,-0.89
112900,0.04,0.0,-0.88
113000,0.05,0.0,-0.87
113100,0.05,-0.0,-0.86
113200,0.04,0.0,-0.86
113300,0.04,0.0,-0.86
113400,0.06,0.0,-0.88
113500,0.01,0.02,-0.87
113600,0.06,-0.01,-0.86
113700,0.04,0.0,-0.86
113800,0.02,0.0,-0.88
113900,0.06,0.0,-0.9
114000,0.03,0.02,-0.87
114100,0.04,0.0,-0.86
114200,0.03,0.02,-0.86
114300,0.01,0.02,-0.87
114400,0.04,0.0,-0.86
114500,0.03,0.0,-0.88
114600,0.04,0.0,-0.88
114700,0.02,0.02,-0.85
114800,0.04,0.0,-0.88
114900,0.02,0.04,-0.89
115000,0.01,0.02,-0.85
115100,0.06,-0.03,-0.84
115200,0.08,-0.07,-0.83
115300,0.08,-0.07,-0.91
115400,0.07,-0.06,-0.86
115500,0.03,-0.04,-0.84
115600,0.0,-0.01,-0.89
115700,-0.01,0.06,-0.87
115800,-0.03,0.11,-0.84
115900,0.07,0.07,-0.9
116000,0.08,0.02,-0.86
116100,0.06,-0.02,-0.84
116200,0.01,0.0,-0.81
116300,0.04,0.01,-0.89
116400,0.04,0.0,-0.86
116500,0.04,-0.0,-0.86
116600,0.07,-0.02,-0.88
116700,0.0,0.01,-0.83
116800,0.05,0.0,-0.89
116900,0.04,-0.0,-0.88
117000,0.01,-0.01,-0.86
117100,0.03,0.02,-0.87
117200,0.04,0.01,-0.86
117300,0.04,0.01,-0.88
117400,0.04,0.0,-0.87
117500,0.03,0.0,-0.87
117600,0.03,0.01,-0.87
117700,0.03,0.01,-0.87
117800,0.04,0.0,-0.88
117900,0.04,0.01,-0.86
118000,0.04,0.02,-0.86
118100,0.02,0.02,-0.87
118200,0.01,-0.01,-0.85
118300,0.04,-0.0,-0.86
118400,0.07,-0.04,-0.87
118500,0.03,0.02,-0.86
118600,0.02,0.01,-0.9
118700,0.03,0.01,-0.85
118800,0.04,0.01,-0.87
118900,0.05,0.0,-0.88
119000,0.03,0.01,-0.86
119100,0.03,0.0,-0.87
119200,0.03,0.03,-0.88
119300,0.02,0.02,-0.85
119400,0.03,0.0,-0.87
119500,0.03,0.0,-0.86
119600,0.05,0.0,-0.84
119700,0.04,0.0,-0.86
119800,0.04,0.0,-0.86
119900,0.04,0.0,-0.86
120000,0.05,0.03,-0.85
120100,0.05,0.0,-0.86
120200,0.05,0.0,-0.86
120300,0.05,0.01,-0.89
120400,0.04,0.01,-0.87
120500,0.03,0.0,-0.86
120600,0.02,0.01,-0.91
120700,0.04,0.01,-0.88
120800,0.03,0.0,-0.87
120900,0.04,0.01,-0.88
121000,0.04,0.02,-0.9
121100,0.05,-0.0,-0.86
121200,0.04,-0.0,-0.87
121300,0.03,-0.0,-0.88
121400,0.04,0.01,-0.87
121500,0.03,0.01,-0.86
121600,0.04,0.0,-0.87
121700,0.04,0.0,-0.87
121800,0.05,0.02,-0.89
121900,0.02,0.02,-0.88
122000,0.04,0.0,-0.87
122100,0.04,0.0,-0.83
122200,0.02,0.01,-0.88
122300,0.04,0.0,-0.87
122400,0.02,0.0,-0.86
122500,0.03,0.01,-0.85
122600,0.04,0.0,-0.92
122700,0.03,0.02,-0.88
122800,0.06,0.04,-0.94
122900,0.04,0.01,-0.86
123000,0.04,0.01,-0.87
123100,0.06,0.01,-0.92
123200,0.03,0.01,-0.86
123300,0.04,0.01,-0.87
123400,0.05,0.0,-0.86
123500,0.04,0.02,-0.8
123600,0.02,0.01,-0.86
123700,0.04,0.01,-0.87
123800,0.04,0.01,-0.86
123900,0.03,0.01,-0.9
124000,0.03,0.01,-0.93
124100,0.01,0.03,-0.86
124200,0.04,0.01,-0.87
124300,0.04,0.0,-0.85
124400,0.05,-0.0,-0.81
124500,0.04,0.01,-0.87
124600,0.04,0.01,-0.83
124700,0.03,0.01,-0.87
124800,0.04,0.0,-0.86
124900,0.04,0.02,-0.86
125000,0.04,0.01,-0.87
125100,0.04,0.0,-0.88
125200,0.05,0.0,-0.89
125300,0.02,0.02,-0.85
125400,0.04,0.0,-0.88
125500,0.04,0.02,-0.87
125600,0.04,0.01,-0.87
125700,0.04,-0.01,-0.88
125800,0.01,0.02,-0.85
125900,0.05,0.0,-0.88
126000,0.03,0.0,-0.87
126100,0.03,0.01,-0.87
126200,0.05,0.01,-0.88
126300,0.03,0.01,-0.88
126400,0.03,0.0,-0.86
126500,0.03,0.01,-0.86
126600,0.02,0.01,-0.87
126700,0.03,0.01,-0.85
126800,0.04,0.0,-0.87
126900,0.04,0.01,-0.86
127000,0.03,0.0,-0.86
127100,0.03,0.01,-0.86
127200,0.03,0.0,-0.88
127300,0.03,0.0,-0.87
127400,0.04,0.0,-0.86
127500,0.05,0.0,-0.88
127600,0.03,0.0,-0.86
127700,0.03,0.01,-0.85
127800,0.04,0.0,-0.87
127900,0.04,0.01,-0.86
128000,0.04,0.02,-0.88
128100,0.06,-0.0,-0.86
128200,0.03,0.01,-0.87
128300,0.03,0.02,-0.87
128400,0.04,0.0,-0.87
128500,0.02,0.0,-0.86
128600,0.04,0.0,-0.88
128700,0.03,0.01,-0.86
128800,0.04,0.01,-0.88
128900,0.04,0.01,-0.87
129000,0.02,0.01,-0.86
129100,0.03,0.0,-0.86
129200,0.01,0.02,-0.86
129300,0.02,0.02,-0.87
129400,0.03,0.0,-0.87
129500,0.06,0.0,-0.86
129600,0.02,0.0,-0.88
129700,0.05,0.0,-0.87
129800,0.03,0.0,-0.87
129900,0.04,0.06,-0.95
130000,0.02,0.01,-0.87
130100,0.04,0.0,-0.86
130200,0.03,0.01,-0.87
130300,0.04,0.01,-0.87
130400,0.03,0.01,-0.87
130500,0.05,0.0,-0.86
130600,0.04,0.01,-0.86
130700,0.03,0.01,-0.86
130800,0.04,0.01,-0.87
130900,0.04,0.0,-0.86
131000,0.02,0.01,-0.87
131100,0.04,0.0,-0.88
131200,0.03,0.01,-0.86
131300,0.04,0.01,-0.86
131400,0.03,0.01,-0.87
131500,0.04,0.01,-0.89
131600,0.03,0.01,-0.86
131700,0.08,-0.04,-0.86
131800,0.05,-0.02,-0.85
131900,-0.03,0.09,-0.85
132000,-0.06,0.11,-0.85
132100,0.1,0.0,-0.9
132200,0.14,-0.1,-0.86
132300,0.13,-0.09,-0.89
132400,0.04,-0.01,-0.83
132500,-0.03,0.05,-0.85
132600,0.01,0.03,-0.86
132700,0.04,0.02,-0.86
132800,0.04,0.0,-0.88
132900,0.03,0.0,-0.87
133000,0.04,0.01,-0.86
133100,0.03,0.0,-0.84
133200,0.05,-0.0,-0.86
133300,0.06,-0.0,-0.86
133400,0.04,0.01,-0.87
133500,0.03,0.01,-0.87
133600,0.06,-0.01,-0.87
133700,0.03,0.01,-0.86
133800,0.04,0.01,-0.87
133900,0.03,0.01,-0.87
134000,0.03,0.0,-0.85
134100,0.04,0.02,-0.88
134200,0.03,0.02,-0.86
134300,0.05,0.0,-0.86
134400,0.03,0.01,-0.87
134500,0.01,-0.02,-0.8
134600,0.04,0.01,-0.88
134700,0.04,0.01,-0.87
134800,0.04,0.02,-0.92
134900,0.03,0.0,-0.87
135000,0.04,0.0,-0.86
135100,0.04,0.0,-0.87
135200,0.04,0.01,-0.87
135300,0.04,0.0,-0.84
135400,0.03,0.01,-0.86
135500,0.03,0.01,-0.87
135600,0.04,0.01,-0.87
135700,0.03,0.01,-0.85
135800,0.03,0.01,-0.87
135900,0.03,0.0,-0.87
136000,0.04,0.0,-0.87
136100,0.04,0.0,-0.89
136200,0.04,0.01,-0.86
136300,0.04,0.01,-0.88
136400,0.04,0.01,-0.87
136500,0.04,0.0,-0.87
136600,0.04,0.0,-0.87
136700,0.04,0.0,-0.86
136800,0.03,0.0,-0.88
136900,0.03,0.01,-0.87
137000,0.03,0.01,-0.87
137100,0.03,0.01,-0.88
137200,0.04,0.0,-0.88
137300,0.04,0.01,-0.86
137400,0.04,0.02,-0.88
137500,0.03,0.0,-0.89
137600,0.04,0.02,-0.86
137700,0.05,-0.0,-0.87
137800,0.04,0.01,-0.88
137900,0.04,0.01,-0.87
138000,0.03,0.01,-0.88
138100,0.04,0.01,-0.87
138200,0.04,0.02,-0.88
138300,0.04,0.0,-0.88
138400,0.04,0.01,-0.86
138500,0.03,0.01,-0.87
138600,0.03,0.0,-0.88
138700,0.05,-0.0,-0.86
138800,0.04,0.0,-0.86
138900,0.02,0.0,-0.87
139000,0.04,0.0,-0.86
139100,0.03,0.01,-0.88
139200,0.04,0.01,-0.86
139300,0.03,0.01,-0.86
139400,0.02,0.02,-0.87
139500,0.04,0.0,-0.88
139600,0.04,0.0,-0.86
139700,0.04,0.0,-0.87
139800,0.03,0.0,-0.89
139900,0.04,0.02,-0.86
140000,0.04,0.0,-0.86
140100,0.04,0.01,-0.88
140200,0.04,0.01,-0.88
140300,0.03,0.0,-0.86
140400,0.04,0.01,-0.86
140500,0.04,0.01,-0.87
140600,0.05,0.02,-0.86
140700,0.04,0.01,-0.88
140800,0.06,0.02,-0.88
140900,0.04,0.0,-0.86
141000,0.05,0.0,-0.88
141100,0.04,0.0,-0.84
141200,0.04,0.01,-0.88
141300,0.04,0.01,-0.87
141400,0.04,0.0,-0.86
141500,0.03,0.0,-0.9
141600,0.04,0.0,-0.87
141700,0.04,0.01,-0.84
141800,0.04,0.0,-0.86
141900,0.05,0.01,-0.87
142000,0.03,0.02,-0.87
142100,0.03,0.0,-0.88
142200,0.04,0.01,-0.86
142300,0.04,0.01,-0.87
142400,0.04,0.01,-0.9
142500,0.04,0.01,-0.86
142600,0.04,0.0,-0.86
142700,0.04,0.0,-0.87
142800,0.04,0.01,-0.88
142900,0.04,0.01,-0.87
143000,0.04,0.0,-0.86
143100,0.04,0.0,-0.87
143200,0.04,0.0,-0.87
143300,0.04,0.0,-0.87
143400,0.04,0.01,-0.87
143500,0.04,0.0,-0.86
143600,0.04,0.0,-0.89
143700,0.04,0.0,-0.86
143800,0.04,0.01,-0.86
143900,0.03,0.01,-0.88
144000,0.04,0.01,-0.87
144100,0.04,0.01,-0.87
144200,0.04,0.01,-0.86
144300,0.04,0.0,-0.86
144400,0.03,0.01,-0.88
144500,0.04,0.02,-0.85
144600,0.04,0.0,-0.88
144700,0.04,0.01,-0.87
144800,0.04,0.01,-0.87
144900,0.04,0.01,-0.86
145000,0.04,0.0,-0.87
145100,0.03,0.01,-0.86
145200,0.04,0.0,-0.88
145300,0.04,0.0,-0.86
145400,0.05,0.0,-0.84
145500,0.02,0.01,-0.87
145600,0.04,0.0,-0.88
145700,0.05,0.01,-0.87
145800,0.04,0.01,-0.87
145900,0.04,0.01,-0.87
146000,0.04,0.0,-0.9
146100,0.04,0.01,-0.86
146200,0.03,0.02,-0.95
146300,0.04,0.01,-0.91
146400,0.02,0.01,-0.87
146500,0.05,0.0,-0.87
146600,0.03,0.01,-0.87
146700,0.03,0.0,-0.86
146800,0.04,0.01,-0.87
146900,0.04,0.01,-0.88
147000,0.04,0.0,-0.86
147100,0.04,0.0,-0.87
147200,0.03,0.01,-0.86
147300,0.05,0.0,-0.87
147400,0.04,0.0,-0.86
147500,0.04,0.0,-0.88
147600,0.04,0.0,-0.87
147700,0.04,0.01,-0.86
147800,0.04,0.02,-0.89
147900,0.03,0.02,-0.89
148000,0.03,0.02,-0.87
148100,0.04,0.0,-0.87
148200,0.03,0.0,-0.88
148300,0.05,0.01,-0.88
148400,0.02,0.03,-0.88
148500,0.05,0.0,-0.88
148600,0.05,0.01,-0.83
148700,0.04,0.0,-0.88
148800,0.04,0.0,-0.86
148900,0.04,0.01,-0.86
149000,0.03,0.0,-0.87
149100,0.04,0.0,-0.86
149200,0.04,0.0,-0.86
149300,0.04,0.0,-0.87
149400,0.04,0.01,-0.86
149500,0.03,0.0,-0.87
149600,0.02,0.02,-0.88
149700,0.03,0.01,-0.86
149800,0.04,0.0,-0.87
149900,0.02,0.0,-0.86
150000,0.06,-0.01,-0.86
150100,0.03,-0.01,-0.89
150200,0.02,0.0,-0.86
150300,0.03,0.0,-0.83
150400,0.04,0.0,-0.87
150500,0.02,0.01,-0.87
150600,0.04,0.01,-0.88
150700,0.03,0.01,-0.88
150800,0.03,-0.0,-0.87
150900,0.06,0.0,-0.87
151000,0.04,0.0,-0.88
151100,0.03,0.02,-0.86
151200,0.04,0.0,-0.87
151300,0.03,0.01,-0.88
151400,0.04,0.01,-0.86
151500,0.03,0.0,-0.86
151600,0.04,0.02,-0.92
151700,0.03,0.01,-0.86
151800,0.04,0.0,-0.88
151900,0.04,0.01,-0.87
152000,0.04,0.01,-0.87
152100,0.03,0.01,-0.87
152200,0.05,0.0,-0.87
152300,0.05,0.04,-0.95
152400,0.03,0.03,-0.86
152500,0.04,0.02,-0.9
152600,0.03,0.0,-0.86
152700,0.04,0.01,-0.87
152800,0.04,0.01,-0.86
152900,0.03,0.0,-0.85
153000,0.03,0.02,-0.88
153100,0.02,0.02,-0.88
153200,0.06,0.0,-0.87
153300,0.03,0.01,-0.86
153400,0.03,0.0,-0.86
153500,0.02,0.02,-0.87
153600,0.03,0.01,-0.88
153700,0.03,0.0,-0.87
153800,0.04,0.01,-0.85
153900,0.02,0.01,-0.88
154000,0.05,0.01,-0.86
154100,0.03,0.0,-0.86
154200,0.04,0.02,-0.9
154300,0.03,0.0,-0.87
154400,0.06,-0.02,-0.85
154500,0.03,0.01,-0.87
154600,0.03,0.01,-0.87
154700,0.03,0.01,-0.86
154800,0.05,0.01,-0.89
154900,0.03,0.01,-0.87
155000,0.03,0.01,-0.88
155100,0.05,0.0,-0.88
155200,0.02,0.01,-0.86
155300,0.04,0.0,-0.88
155400,0.05,0.01,-0.87
155500,0.04,0.02,-0.91
155600,0.05,0.0,-0.88
155700,0.04,0.0,-0.86
155800,0.04,0.0,-0.87
155900,0.04,0.01,-0.87
156000,0.05,0.04,-0.91
156100,0.02,0.02,-0.87
156200,0.05,0.0,-0.87
156300,0.04,0.0,-0.86
156400,0.04,-0.02,-0.82
156500,0.01,0.05,-0.9
156600,0.02,0.05,-0.87
156700,0.03,0.01,-0.87
156800,0.05,0.0,-0.86
156900,0.02,0.0,-0.87
157000,0.04,0.04,-0.87
157100,0.04,0.0,-0.86
157200,0.04,0.0,-0.86
157300,0.04,0.01,-0.9
157400,0.06,0.01,-0.88
157500,0.06,-0.02,-0.86
157600,0.06,-0.01,-0.86
157700,0.02,0.01,-0.87
157800,0.06,-0.04,-0.87
157900,0.02,0.01,-0.84
158000,0.05,0.0,-0.87
158100,0.02,0.01,-0.86
158200,0.03,-0.01,-0.84
158300,0.05,-0.01,-0.87
158400,0.04,0.01,-0.86
158500,0.03,0.01,-0.86
158600,0.06,-0.03,-0.85
158700,0.02,0.01,-0.88
158800,0.05,0.0,-0.87
158900,0.04,0.0,-0.86
159000,0.04,0.01,-0.86
159100,0.03,0.0,-0.86
159200,0.05,0.0,-0.88
159300,0.05,0.0,-0.85
159400,0.04,0.01,-0.88
159500,0.05,0.01,-0.85
159600,0.03,0.0,-0.86
159700,0.04,0.0,-0.88
159800,0.02,0.02,-0.88
159900,0.06,-0.01,-0.84
160000,0.07,-0.04,-0.89
160100,0.06,-0.01,-0.88
160200,0.02,0.02,-0.86
160300,0.03,0.02,-0.88
160400,0.04,0.01,-0.88
160500,0.04,0.0,-0.86
160600,0.03,0.0,-0.87
160700,0.04,0.02,-0.88
160800,0.06,-0.03,-0.84
160900,0.08,-0.03,-0.86
161000,0.03,0.02,-0.88
161100,0.03,0.02,-0.88
161200,0.04,0.0,-0.87
161300,0.04,0.01,-0.87
161400,0.04,0.02,-0.84
161500,0.02,0.02,-0.9
161600,0.02,0.0,-0.88
161700,0.04,-0.01,-0.86
161800,0.04,-0.0,-0.86
161900,0.03,-0.0,-0.86
162000,0.03,0.02,-0.87
162100,0.03,0.01,-0.87
162200,0.03,0.0,-0.87
162300,0.06,0.0,-0.89
162400,0.04,0.01,-0.87
162500,0.04,0.0,-0.88
162600,0.08,-0.01,-0.9
162700,0.04,-0.04,-0.84
162800,0.03,0.0,-0.86
162900,0.03,0.02,-0.88
163000,0.04,0.0,-0.86
163100,0.04,0.0,-0.87
163200,0.03,0.01,-0.86
163300,0.03,0.0,-0.87
163400,0.02,0.0,-0.86
163500,0.04,0.0,-0.86
163600,0.06,-0.0,-0.88
163700,0.04,0.01,-0.88
163800,0.02,0.02,-0.87
163900,0.01,0.03,-0.87
164000,0.03,0.01,-0.85
164100,0.02,0.01,-0.86
164200,0.05,-0.01,-0.87
164300,0.06,-0.0,-0.86
164400,0.05,0.0,-0.86
164500,0.01,0.04,-0.85
164600,0.02,0.02,-0.87
164700,0.08,-0.01,-0.88
164800,0.02,0.01,-0.86
164900,0.05,0.0,-0.86
165000,0.02,0.01,-0.87
165100,0.03,0.0,-0.86
165200,0.04,0.01,-0.88
165300,0.04,0.0,-0.85
165400,0.03,0.01,-0.86
165500,0.03,0.0,-0.86
165600,0.04,0.0,-0.88
165700,0.03,0.0,-0.87
165800,0.02,0.01,-0.87
165900,0.04,0.0,-0.87
166000,0.03,0.01,-0.87
166100,0.03,0.01,-0.86
166200,0.04,0.0,-0.87
166300,0.04,0.01,-0.86
166400,0.04,0.01,-0.92
166500,0.03,0.0,-0.87
166600,0.04,0.01,-0.87
166700,0.04,0.01,-0.85
166800,0.04,0.0,-0.82
166900,0.04,-0.0,-0.89
167000,0.03,0.04,-0.9
167100,0.0,0.05,-0.87
167200,0.07,0.0,-0.88
167300,0.04,0.01,-0.86
167400,0.03,0.02,-0.85
167500,0.03,0.0,-0.87
167600,0.04,0.0,-0.88
167700,0.03,-0.0,-0.87
167800,0.04,0.01,-0.87
167900,0.04,0.0,-0.87
168000,0.04,0.0,-0.86
168100,0.04,0.0,-0.88
168200,0.04,0.01,-0.87
168300,0.04,0.0,-0.9
168400,0.04,0.01,-0.87
168500,0.04,0.01,-0.86
168600,0.03,0.0,-0.87
168700,0.04,0.0,-0.86
168800,0.04,0.0,-0.88
168900,0.03,0.0,-0.87
169000,0.04,0.01,-0.87
169100,0.04,0.01,-0.87
169200,0.04,0.0,-0.86
169300,0.04,0.01,-0.87
169400,0.04,0.0,-0.86
169500,0.05,0.0,-0.86
169600,0.03,0.01,-0.85
169700,0.02,0.02,-0.88
169800,0.03,0.01,-0.89
169900,0.04,0.0,-0.88
170000,0.03,0.01,-0.85
170100,0.04,0.01,-0.88
170200,0.04,0.0,-0.86
170300,0.04,0.01,-0.88
170400,0.04,0.01,-0.87
170500,0.03,0.01,-0.86
170600,0.04,0.0,-0.87
170700,0.04,0.0,-0.86
170800,0.04,0.0,-0.88
170900,0.04,0.0,-0.87
171000,0.03,0.01,-0.87
171100,0.04,0.0,-0.86
171200,0.04,0.0,-0.87
171300,0.04,0.01,-0.87
171400,0.02,0.0,-0.88
171500,0.04,0.0,-0.87
171600,0.03,0.01,-0.87
171700,0.04,0.0,-0.87
171800,0.03,0.01,-0.85
171900,0.02,0.02,-0.86
172000,0.03,0.01,-0.87
172100,0.03,0.0,-0.87
172200,0.03,0.01,-0.87
172300,0.03,0.01,-0.87
172400,0.04,0.01,-0.87
172500,0.03,0.0,-0.88
172600,0.05,-0.01,-0.87
172700,0.04,0.01,-0.87
172800,0.04,0.0,-0.85
172900,0.03,0.0,-0.88
173000,0.04,0.01,-0.87
173100,0.02,0.01,-0.86
173200,0.04,0.0,-0.88
173300,0.04,0.01,-0.87
173400,0.05,0.02,-0.87
173500,0.04,0.0,-0.86
173600,0.04,0.0,-0.87
173700,0.05,0.01,-0.9
173800,0.04,0.0,-0.86
173900,0.04,0.0,-0.86
174000,0.04,0.0,-0.88
174100,0.02,0.0,-0.84
174200,0.04,0.01,-0.86
174300,0.07,-0.02,-0.84
174400,0.02,0.01,-0.89
174500,0.03,0.0,-0.86
174600,0.02,0.0,-0.88
174700,0.04,0.0,-0.86
174800,0.03,0.01,-0.88
174900,0.04,0.01,-0.86
175000,0.04,0.0,-0.86
175100,0.04,0.0,-0.86
175200,0.03,0.0,-0.86
175300,0.04,0.0,-0.87
175400,0.04,0.01,-0.87
175500,0.03,0.01,-0.87
175600,0.04,0.0,-0.87
175700,0.04,0.01,-0.87
175800,0.03,0.0,-0.87
175900,0.03,-0.0,-0.84
176000,0.04,0.0,-0.86
176100,0.07,0.0,-0.86
176200,0.02,0.01,-0.88
176300,0.04,0.0,-0.86
176400,0.03,0.0,-0.86
176500,0.05,0.0,-0.86
176600,0.04,0.01,-0.88
176700,0.04,0.0,-0.87
176800,0.03,0.0,-0.87
176900,0.04,0.0,-0.86
177000,0.02,0.01,-0.87
177100,0.03,0.0,-0.87
177200,0.03,0.0,-0.88
177300,0.04,0.0,-0.86
177400,0.04,0.0,-0.87
177500,0.04,0.01,-0.87
177600,0.03,0.0,-0.86
177700,0.04,0.0,-0.84
177800,0.04,0.01,-0.87
177900,0.06,0.0,-0.88
178000,0.0,0.03,-0.82
178100,0.05,0.0,-0.88
178200,0.03,0.01,-0.86
178300,0.05,0.01,-0.85
178400,0.02,0.0,-0.88
178500,0.04,0.01,-0.88
178600,0.03,0.0,-0.87
178700,0.04,0.0,-0.86
178800,0.04,0.0,-0.86
178900,0.04,0.0,-0.87
179000,0.03,0.0,-0.88
179100,0.04,0.0,-0.87
179200,0.04,0.0,-0.87
179300,0.04,0.01,-0.87
179400,0.04,0.0,-0.88
179500,0.04,0.0,-0.86
179600,0.04,0.01,-0.87
179700,0.04,0.0,-0.84
179800,0.02,0.0,-0.88
179900,0.03,0.01,-0.84
180000,0.03,0.0,-0.9
180100,0.04,0.0,-0.89
180200,0.03,0.01,-0.87
180300,0.04,0.01,-0.86
180400,0.03,0.0,-0.86
180500,0.04,0.01,-0.88
180600,0.04,0.01,-0.88
180700,0.04,0.01,-0.86
180800,0.04,0.0,-0.87
180900,0.04,0.0,-0.87
181000,0.04,0.0,-0.87
181100,0.04,0.0,-0.88
181200,0.04,0.01,-0.87
181300,0.03,0.01,-0.87
181400,0.04,0.02,-0.89
181500,0.03,0.0,-0.96
181600,0.04,-0.01,-0.86
181700,0.04,0.02,-0.88
181800,0.02,0.0,-0.86
181900,0.04,0.0,-0.86
182000,0.04,0.01,-0.87
182100,0.04,0.01,-0.87
182200,0.03,0.01,-0.87
182300,0.03,0.0,-0.88
182400,0.04,0.0,-0.88
182500,0.04,0.0,-0.87
182600,0.03,0.02,-0.87
182700,0.04,0.0,-0.87
182800,0.04,0.0,-0.86
182900,0.04,0.01,-0.87
183000,0.04,0.01,-0.88
183100,0.05,0.02,-0.88
183200,0.04,0.0,-0.87
183300,0.03,0.0,-0.88
183400,0.04,0.0,-0.85
183500,0.04,0.0,-0.84
183600,0.05,0.0,-0.88
183700,0.04,0.01,-0.87
183800,0.04,0.0,-0.87
183900,0.04,0.01,-0.86
184000,0.04,0.01,-0.88
184100,0.02,0.02,-0.92
184200,0.04,0.02,-0.87
184300,0.04,0.0,-0.86
184400,0.05,-0.02,-0.88
184500,0.03,0.0,-0.84
184600,0.04,0.0,-0.87
184700,0.04,0.01,-0.86
184800,0.04,0.0,-0.88
184900,0.04,0.0,-0.87
185000,0.04,0.0,-0.86
185100,0.04,0.01,-0.88
185200,0.02,0.01,-0.87
185300,0.07,-0.04,-0.83
185400,0.04,0.01,-0.82
185500,0.0,0.04,-0.86
185600,0.04,0.01,-0.87
185700,0.05,0.02,-0.84
185800,0.04,0.0,-0.87
185900,0.04,0.01,-0.88
186000,0.03,0.0,-0.86
186100,0.05,-0.01,-0.89
186200,0.03,0.01,-0.86
186300,0.04,0.0,-0.87
186400,0.04,0.0,-0.85
186500,0.03,0.0,-0.85
186600,0.04,0.0,-0.86
186700,0.04,0.01,-0.86
186800,0.04,0.0,-0.87
186900,0.03,0.01,-0.87
187000,0.03,0.0,-0.87
187100,0.04,0.0,-0.86
187200,0.02,0.05,-0.92
187300,0.04,0.02,-0.84
187400,0.04,-0.01,-0.86
187500,0.02,0.0,-0.79
187600,0.04,0.01,-0.85
187700,0.03,0.0,-0.89
187800,0.02,0.01,-0.86
187900,0.05,0.0,-0.87
188000,0.04,0.0,-0.87
188100,0.04,0.01,-0.86
188200,0.04,0.0,-0.87
188300,0.04,0.0,-0.88
188400,0.04,0.01,-0.87
188500,0.04,0.0,-0.87
188600,0.03,0.01,-0.86
188700,0.03,0.02,-0.92
188800,0.04,0.0,-0.87
188900,0.01,0.01,-0.85
189000,0.06,0.0,-0.9
189100,0.02,0.03,-0.86
189200,0.05,0.0,-0.9
189300,0.03,0.01,-0.86
189400,0.04,0.01,-0.87
189500,0.03,0.0,-0.87
189600,0.04,0.01,-0.86
189700,0.04,0.01,-0.86
189800,0.04,0.01,-0.87
189900,0.04,-0.0,-0.86
190000,0.04,0.0,-0.86
190100,0.04,0.01,-0.89
190200,0.03,0.01,-0.86
190300,0.03,0.01,-0.84
190400,0.04,0.0,-0.88
190500,0.04,0.01,-0.86
190600,0.04,0.0,-0.87
190700,0.04,0.01,-0.87
190800,0.06,0.0,-0.86
190900,0.03,0.0,-0.86
191000,0.05,0.01,-0.87
191100,0.03,0.01,-0.86
191200,0.05,0.0,-0.87
191300,0.03,0.01,-0.87
191400,0.04,0.0,-0.87
191500,0.04,0.0,-0.87
191600,0.03,0.01,-0.87
191700,0.04,0.0,-0.89
191800,0.04,0.01,-0.88
191900,0.04,0.0,-0.87
192000,0.04,0.0,-0.87
192100,0.03,0.01,-0.88
192200,0.03,0.01,-0.88
192300,0.03,-0.0,-0.87
192400,0.04,0.02,-0.86
192500,0.02,0.02,-0.87
192600,0.04,0.01,-0.87
192700,0.04,0.0,-0.87
192800,0.03,0.0,-0.86
192900,0.04,0.0,-0.87
193000,0.03,0.0,-0.88
193100,0.03,0.0,-0.87
193200,0.05,0.0,-0.78
193300,0.03,0.01,-0.86
193400,0.02,0.01,-0.82
193500,0.05,-0.01,-0.86
193600,0.02,0.0,-0.87
193700,0.04,0.01,-0.86
193800,0.04,0.0,-0.86
193900,0.04,0.0,-0.88
194000,0.04,0.01,-0.86
194100,0.04,0.0,-0.88
194200,0.03,0.0,-0.87
194300,0.03,0.01,-0.87
194400,0.04,0.0,-0.87
194500,0.04,0.0,-0.86
194600,0.03,0.01,-0.87
194700,0.03,0.01,-0.87
194800,0.03,0.01,-0.86
194900,0.02,0.0,-0.84
195000,0.05,0.0,-0.87
195100,0.04,-0.01,-0.84
195200,0.03,0.0,-0.89
195300,0.03,0.02,-0.86
195400,0.04,0.0,-0.87
195500,0.03,0.0,-0.86
195600,0.02,0.0,-0.87
195700,0.03,0.01,-0.87
195800,0.03,0.01,-0.86
195900,0.03,0.0,-0.87
196000,0.03,0.01,-0.87
196100,0.04,0.01,-0.87
196200,0.04,0.0,-0.87
196300,0.02,0.01,-0.86
196400,0.04,0.0,-0.87
196500,0.04,0.0,-0.86
196600,0.04,0.0,-0.86
196700,0.04,0.0,-0.86
196800,0.03,0.01,-0.86
196900,0.04,0.01,-0.88
197000,0.04,0.0,-0.89
197100,0.04,0.01,-0.88
197200,0.02,0.02,-0.84
197300,0.04,0.0,-0.9
197400,0.04,0.0,-0.86
197500,0.02,0.02,-0.83
197600,0.03,0.01,-0.87
197700,0.03,0.0,-0.87
197800,0.03,0.0,-0.87
197900,0.03,0.01,-0.87
198000,0.04,0.01,-0.87
198100,0.03,-0.0,-0.96
198200,0.04,0.01,-0.86
198300,0.04,0.01,-0.88
198400,0.04,0.01,-0.87
198500,0.04,0.0,-0.87
198600,0.04,0.0,-0.87
198700,0.03,0.01,-0.86
198800,0.05,0.02,-0.86
198900,0.04,0.01,-0.87
199000,0.04,0.0,-0.9
199100,0.03,0.01,-0.87
199200,0.04,0.02,-0.84
199300,0.04,0.0,-0.86
199400,0.02,0.0,-0.86
199500,0.04,0.01,-0.87
199600,0.03,0.0,-0.87
199700,0.04,0.0,-0.87
199800,0.04,0.0,-0.87
199900,0.04,0.0,-0.86
200000,0.04,0.01,-0.87
200100,0.04,0.0,-0.86
200200,0.03,0.02,-0.88
200300,0.04,0.0,-0.88
200400,0.04,0.0,-0.87
200500,0.04,0.0,-0.86
200600,0.03,0.0,-0.87
200700,0.03,0.01,-0.87
200800,0.04,0.01,-0.86
200900,0.04,-0.0,-0.87
201000,0.05,0.02,-0.89
201100,0.02,0.03,-0.87
201200,0.05,0.0,-0.86
201300,0.04,0.0,-0.88
201400,0.03,0.0,-0.87
201500,0.04,0.01,-0.87
201600,0.03,0.01,-0.87
201700,0.03,0.0,-0.86
201800,0.03,0.0,-0.88
201900,0.03,0.0,-0.85
202000,0.04,-0.0,-0.87
202100,0.03,0.01,-0.87
202200,0.03,0.01,-0.87
202300,0.04,-0.0,-0.86
202400,0.03,0.01,-0.87
202500,0.04,0.0,-0.87
202600,0.05,0.0,-0.88
202700,0.03,0.0,-0.87
202800,0.03,0.01,-0.87
202900,0.04,0.0,-0.88
203000,0.04,0.02,-0.88
203100,0.04,0.01,-0.86
203200,0.03,0.0,-0.86
203300,0.04,0.0,-0.87
203400,0.04,0.01,-0.88
203500,0.03,0.01,-0.87
203600,0.03,0.0,-0.87
203700,0.04,0.0,-0.87
203800,0.04,0.01,-0.86
203900,0.04,0.01,-0.88
204000,0.03,0.01,-0.87
204100,0.05,0.02,-0.91
204200,0.03,0.01,-0.86
204300,0.03,0.01,-0.88
204400,0.03,0.0,-0.86
204500,0.04,0.0,-0.87
204600,0.04,0.01,-0.86
204700,0.05,0.0,-0.86
204800,0.04,0.0,-0.86
204900,0.04,0.01,-0.86
205000,0.03,0.0,-0.86
205100,0.02,0.0,-0.87
205200,0.04,0.0,-0.87
205300,0.04,0.0,-0.86
205400,0.04,0.0,-0.86
205500,0.04,0.0,-0.83
205600,0.04,0.0,-0.87
205700,0.04,0.01,-0.86
205800,0.04,0.01,-0.87
205900,0.04,0.0,-0.87
206000,0.04,0.0,-0.86
206100,0.03,0.02,-0.82
206200,0.04,0.0,-0.87
206300,0.03,0.0,-0.86
206400,0.03,0.01,-0.88
206500,0.04,0.0,-0.86
206600,0.04,0.01,-0.85
206700,0.04,0.0,-0.88
206800,0.04,0.0,-0.86
206900,0.03,0.0,-0.87
207000,0.04,0.0,-0.88
207100,0.03,0.01,-0.87
207200,0.03,0.0,-0.87
207300,0.04,0.0,-0.87
207400,0.04,0.01,-0.89
207500,0.04,0.0,-0.86
207600,0.04,0.01,-0.86
207700,0.03,0.01,-0.86
207800,0.02,0.01,-0.86
207900,0.03,0.0,-0.87
208000,0.04,0.01,-0.87
208100,0.03,0.0,-0.87
208200,0.04,0.0,-0.87
208300,0.04,0.0,-0.86
208400,0.03,0.0,-0.88
208500,0.04,0.0,-0.88
208600,0.03,0.01,-0.85
208700,0.04,0.01,-0.88
208800,0.03,0.02,-0.87
208900,0.03,0.01,-0.86
209000,0.04,0.0,-0.85
209100,0.04,0.0,-0.87
209200,0.04,0.01,-0.87
209300,0.04,0.0,-0.87
209400,0.03,0.0,-0.86
209500,0.03,0.01,-0.86
209600,0.04,0.0,-0.88
209700,0.05,-0.0,-0.85
209800,0.04,0.0,-0.87
209900,0.04,0.0,-0.88
210000,0.05,0.02,-0.88
210100,0.04,0.01,-0.87
210200,0.04,0.0,-0.87
210300,0.03,0.01,-0.86
210400,0.03,0.01,-0.88
210500,0.03,0.01,-0.89
210600,0.03,0.01,-0.86
210700,0.04,0.0,-0.86
210800,0.03,0.01,-0.86
210900,0.03,0.01,-0.84
211000,0.04,0.01,-0.88
211100,0.04,0.01,-0.89
211200,0.04,0.01,-0.86
211300,0.04,0.01,-0.87
211400,0.04,0.01,-0.87
211500,0.04,0.01,-0.87
211600,0.04,0.0,-0.87
211700,0.03,0.0,-0.84
211800,0.02,0.02,-0.87
211900,0.04,0.01,-0.88
212000,0.04,0.01,-0.87
212100,0.04,0.0,-0.88
212200,0.03,0.0,-0.87
212300,0.03,0.01,-0.88
212400,0.03,0.0,-0.87
212500,0.04,0.0,-0.87
212600,0.04,0.01,-0.87
212700,0.04,0.0,-0.88
212800,0.04,0.0,-0.87
212900,0.02,0.02,-0.9
213000,0.04,0.01,-0.9
213100,0.03,0.01,-0.87
213200,0.03,0.01,-0.88
213300,0.04,0.01,-0.87
213400,0.04,0.0,-0.88
213500,0.03,0.01,-0.87
213600,0.04,0.0,-0.86
213700,0.04,0.01,-0.87
213800,0.04,0.0,-0.87
213900,0.04,0.0,-0.87
214000,0.04,0.0,-0.86
214100,0.04,0.0,-0.87
214200,0.04,0.01,-0.86
214300,0.05,0.01,-0.88
214400,0.05,-0.0,-0.87
214500,0.03,0.0,-0.86
214600,0.04,-0.01,-0.91
214700,0.03,0.0,-0.87
214800,0.02,0.0,-0.86
214900,0.02,0.0,-0.87
215000,0.03,0.01,-0.87
215100,0.04,0.0,-0.87
215200,0.04,0.01,-0.86
215300,0.04,0.01,-0.87
215400,0.02,0.01,-0.88
215500,0.04,0.01,-0.88
215600,0.04,0.01,-0.88
215700,0.02,0.01,-0.86
215800,0.03,0.01,-0.86
215900,0.03,0.0,-0.86
216000,0.04,0.01,-0.87
216100,0.04,0.0,-0.86
216200,0.04,0.0,-0.87
216300,0.04,0.0,-0.87
216400,0.04,0.0,-0.87
216500,0.02,0.01,-0.88
216600,0.04,0.0,-0.87
216700,0.04,0.01,-0.87
216800,0.02,0.01,-0.87
216900,0.04,0.0,-0.88
217000,0.05,0.01,-0.86
217100,0.04,0.0,-0.87
217200,0.04,0.0,-0.87
217300,0.03,0.01,-0.88
217400,0.03,0.0,-0.86
217500,0.04,0.0,-0.87
217600,0.04,0.0,-0.87
217700,0.04,0.01,-0.85
217800,0.04,0.0,-0.88
217900,0.03,0.01,-0.85
218000,0.02,0.01,-0.85
218100,0.04,0.0,-0.86
218200,0.04,0.0,-0.87
218300,0.04,0.0,-0.87
218400,0.04,0.0,-0.87
218500,0.03,0.0,-0.88
218600,0.03,0.01,-0.87
218700,0.04,0.0,-0.87
218800,0.03,0.01,-0.86
218900,0.04,0.01,-0.86
219000,0.04,0.0,-0.87
219100,0.04,0.01,-0.86
219200,0.04,0.0,-0.86
219300,0.04,0.0,-0.86
219400,0.03,0.01,-0.88
219500,0.03,0.01,-0.86
219600,0.04,0.0,-0.87
219700,0.03,0.0,-0.86
219800,0.03,0.0,-0.87
219900,0.04,0.01,-0.87
220000,0.03,0.0,-0.88
220100,0.03,0.0,-0.8
220200,0.04,0.0,-0.86
220300,0.02,0.01,-0.87
220400,0.04,0.0,-0.87
220500,0.03,0.01,-0.87
220600,0.04,0.0,-0.77
220700,0.02,0.01,-0.88
220800,0.03,0.02,-0.89
220900,0.03,0.01,-0.86
221000,0.04,0.0,-0.87
221100,0.02,0.0,-0.87
221200,0.04,0.01,-0.87
221300,0.03,0.0,-0.87
221400,0.04,0.01,-0.87
221500,0.04,0.0,-0.87
221600,0.04,0.01,-0.87
221700,0.04,0.01,-0.9
221800,0.04,0.0,-0.85
221900,0.03,0.01,-0.87
222000,0.02,0.02,-0.88
222100,0.03,0.0,-0.87
222200,0.04,0.01,-0.88
222300,0.05,0.01,-0.86
222400,0.04,0.0,-0.88
222500,0.02,0.0,-0.86
222600,0.04,0.01,-0.88
222700,0.03,0.0,-0.86
222800,0.03,-0.01,-0.9
222900,0.04,0.02,-0.9
223000,0.03,0.01,-0.86
223100,0.03,0.02,-0.86
223200,0.04,0.0,-0.87
223300,0.04,0.01,-0.88
223400,0.04,0.01,-0.88
223500,0.03,0.02,-0.87
223600,0.04,0.0,-0.86
223700,0.02,0.01,-0.87
223800,0.04,0.0,-0.87
223900,0.04,0.0,-0.87
224000,0.05,-0.01,-0.9
224100,0.04,0.02,-0.86
224200,0.03,0.0,-0.87
224300,0.03,0.0,-0.89
224400,0.03,0.0,-0.86
224500,0.03,-0.02,-0.86
224600,0.03,0.01,-0.87
224700,0.03,0.01,-0.87
224800,0.04,0.01,-0.86
224900,0.04,0.01,-0.88
225000,0.03,0.02,-0.87
225100,0.04,0.0,-0.87
225200,0.05,0.0,-0.89
225300,0.03,0.0,-0.84
225400,0.04,0.01,-0.86
225500,0.04,0.01,-0.87
225600,0.04,0.0,-0.87
225700,0.04,0.0,-0.86
225800,0.04,0.01,-0.82
225900,0.04,0.0,-0.88
226000,0.02,0.01,-0.86
226100,0.04,0.01,-0.87
226200,0.04,0.0,-0.86
226300,0.04,0.01,-0.87
226400,0.04,0.01,-0.87
226500,0.04,0.01,-0.88
226600,0.04,0.01,-0.87
226700,0.04,0.0,-0.87
226800,0.03,0.0,-0.88
226900,0.04,0.0,-0.86
227000,0.04,0.01,-0.86
227100,0.03,0.01,-0.86
227200,0.03,0.01,-0.87
227300,0.04,0.0,-0.87
227400,0.03,0.01,-0.84
227500,0.03,0.0,-0.86
227600,0.04,0.01,-0.86
227700,0.02,0.01,-0.89
227800,0.05,0.02,-0.86
227900,0.03,0.0,-0.76
228000,0.05,0.0,-0.87
228100,0.03,0.0,-0.86
228200,0.04,0.01,-0.88
228300,0.03,0.02,-0.86
228400,0.04,0.0,-0.88
228500,0.04,0.0,-0.88
228600,0.04,0.0,-0.88
228700,0.04,0.01,-0.87
228800,0.04,0.0,-0.88
228900,0.04,0.01,-0.86
229000,0.04,0.0,-0.87
229100,0.04,0.0,-0.86
229200,0.04,0.0,-0.87
229300,0.02,0.01,-1.02
229400,0.04,0.0,-0.83
229500,0.03,0.0,-0.88
229600,0.02,0.01,-0.89
229700,0.03,0.01,-0.87
229800,0.04,0.0,-0.88
229900,0.04,0.0,-0.86
230000,0.02,0.01,-0.86
230100,0.04,0.0,-0.87
230200,0.03,0.01,-0.87
230300,0.03,0.0,-0.86
230400,0.03,0.0,-0.87
230500,0.04,0.01,-0.87
230600,0.04,0.0,-0.86
230700,0.04,0.0,-0.88
230800,0.03,0.0,-0.79
230900,0.04,0.0,-0.88
231000,0.04,0.0,-0.87
231100,0.04,0.0,-0.87
231200,0.04,0.01,-0.87
231300,0.04,0.01,-0.87
231400,0.04,0.01,-0.87
231500,0.03,0.0,-0.86
231600,0.04,0.01,-0.88
231700,0.04,0.0,-0.87
231800,0.04,0.0,-0.87
231900,0.04,0.0,-0.86
232000,0.04,0.0,-0.86
232100,0.04,0.0,-0.88
232200,0.03,0.01,-0.88
232300,0.04,0.0,-0.89
232400,0.03,0.0,-0.86
232500,0.04,0.0,-0.86
232600,0.04,0.0,-0.88
232700,0.04,0.0,-0.87
232800,0.03,0.0,-0.87
232900,0.04,0.01,-0.87
233000,0.04,0.0,-0.87
233100,0.04,0.01,-0.88
233200,0.06,-0.0,-0.88
233300,0.02,0.02,-0.86
233400,0.04,0.0,-0.86
233500,0.03,0.01,-0.82
233600,0.04,0.0,-0.88
233700,0.03,0.0,-0.86
233800,0.04,0.01,-0.86
233900,0.04,0.0,-0.88
234000,0.06,0.03,-0.86
234100,0.03,0.01,-0.88
234200,0.04,0.0,-0.87
234300,0.04,0.0,-0.86
234400,0.04,0.01,-0.87
234500,0.04,0.0,-0.87
234600,0.04,0.0,-0.86
234700,0.04,0.0,-0.86
234800,0.04,0.01,-0.87
234900,0.04,0.01,-0.87
235000,0.04,0.0,-0.87
235100,0.04,0.01,-0.86
235200,0.04,0.01,-0.9
235300,0.03,0.02,-0.87
235400,0.02,0.01,-0.88
235500,0.03,0.01,-0.87
235600,0.04,0.01,-0.88
235700,0.04,0.0,-0.87
235800,0.04,0.0,-0.86
235900,0.04,0.0,-0.88
236000,0.04,0.01,-0.86
236100,0.03,0.01,-0.86
236200,0.03,0.0,-0.87
236300,0.03,0.01,-0.87
236400,0.03,0.0,-0.86
236500,0.04,0.01,-0.87
236600,0.04,0.01,-0.86
236700,0.04,0.01,-0.87
236800,0.05,0.0,-0.87
236900,0.02,0.02,-0.86
237000,0.04,0.01,-0.87
237100,0.04,0.0,-0.86
237200,0.03,0.01,-0.8
237300,0.04,0.0,-0.86
237400,0.03,0.0,-0.87
237500,0.04,0.02,-0.85
237600,0.04,0.0,-0.87
237700,0.04,0.01,-0.87
237800,0.04,0.0,-0.87
237900,0.04,0.0,-0.87
238000,0.04,0.02,-0.97
238100,0.05,0.01,-0.88
238200,0.04,0.01,-0.88
238300,0.02,0.0,-0.9
238400,0.05,0.0,-0.87
238500,0.04,0.0,-0.88
238600,0.03,0.0,-0.87
238700,0.04,0.01,-0.87
238800,0.04,0.0,-0.86
238900,0.04,0.0,-0.87
239000,0.02,0.0,-0.87
239100,0.05,-0.0,-0.87
239200,0.04,0.0,-0.82
239300,0.04,0.01,-0.87
239400,0.03,0.0,-0.86
239500,0.04,0.0,-0.86
239600,0.04,0.0,-0.86
239700,0.03,0.01,-0.87
239800,0.04,0.0,-0.87
239900,0.03,0.01,-0.87
240000,0.04,0.0,-0.88
240100,0.04,0.01,-0.87
240200,0.03,0.0,-0.86
240300,0.04,0.01,-0.87
240400,0.05,0.0,-0.85
240500,0.04,0.0,-0.88
240600,0.04,0.0,-0.86
240700,0.03,0.01,-0.88
240800,0.04,0.0,-0.86
240900,0.04,0.01,-0.87
241000,0.04,0.0,-0.87
241100,0.03,0.02,-0.87
241200,0.04,0.0,-0.87
241300,0.04,0.0,-0.86
241400,0.04,0.01,-0.87
241500,0.04,0.0,-0.86
241600,0.04,0.0,-0.87
241700,0.04,0.0,-0.86
241800,0.03,0.01,-0.87
241900,0.04,0.01,-0.87
242000,0.04,0.0,-0.87
242100,0.05,-0.02,-0.91
242200,0.03,0.01,-0.86
242300,0.03,0.01,-0.88
242400,0.04,0.0,-0.88
242500,0.04,0.0,-0.86
242600,0.04,0.0,-0.87
242700,0.04,0.0,-0.87
242800,0.03,0.0,-0.87
242900,0.03,0.0,-0.85
243000,0.04,0.01,-0.87
243100,0.04,0.0,-0.87
243200,0.03,0.01,-0.86
243300,0.03,0.0,-0.87
243400,0.04,0.0,-0.87
243500,0.04,0.0,-0.87
243600,0.03,0.01,-0.88
243700,0.04,0.0,-0.87
243800,0.04,0.0,-0.87
243900,0.04,0.01,-0.86
244000,0.04,0.0,-0.87
244100,0.03,0.0,-0.86
244200,0.04,0.0,-0.86
244300,0.04,0.0,-0.86
244400,0.04,0.0,-0.87
244500,0.04,0.01,-0.87
244600,0.03,0.0,-0.86
244700,0.02,0.02,-0.89
244800,0.04,0.02,-0.85
244900,0.03,0.0,-0.88
245000,0.04,0.0,-0.86
245100,0.04,0.0,-0.87
245200,0.04,0.01,-0.88
245300,0.04,0.01,-0.86
245400,0.04,0.0,-0.88
245500,0.04,0.0,-0.86
245600,0.03,0.01,-0.87
245700,0.04,0.0,-0.87
245800,0.04,0.0,-0.86
245900,0.04,0.0,-0.87
246000,0.03,0.01,-0.87
246100,0.03,0.0,-0.86
246200,0.04,0.0,-0.88
246300,0.04,0.0,-0.87
246400,0.05,0.0,-0.86
246500,0.04,0.01,-0.88
246600,0.02,0.01,-0.86
246700,0.05,0.0,-0.86
246800,0.03,0.01,-0.87
246900,0.04,0.01,-0.87
247000,0.04,0.0,-0.87
247100,0.04,0.0,-0.86
247200,0.03,0.0,-0.88
247300,0.03,0.02,-0.87
247400,0.03,0.0,-0.87
247500,0.03,0.0,-0.88
247600,0.03,0.01,-0.87
247700,0.04,0.0,-0.87
247800,0.04,0.01,-0.87
247900,0.02,0.01,-0.85
248000,0.05,0.01,-0.87
248100,0.03,0.0,-0.86
248200,0.06,-0.0,-0.89
248300,0.02,0.01,-0.86
248400,0.03,0.0,-0.87
248500,0.03,0.0,-0.86
248600,0.06,0.02,-0.86
248700,0.04,0.01,-0.86
248800,0.03,0.01,-0.86
248900,0.04,0.01,-0.87
249000,0.02,0.02,-0.86
249100,0.04,0.01,-0.84
249200,0.04,0.0,-0.87
249300,0.04,0.0,-0.86
249400,0.04,0.0,-0.86
249500,0.04,0.02,-0.88
249600,0.04,0.01,-0.87
249700,0.03,0.01,-0.88
249800,0.04,0.0,-0.88
249900,0.02,0.01,-0.86
250000,0.04,0.0,-0.87
250100,0.03,0.01,-0.86
250200,0.04,0.0,-0.86
250300,0.03,0.0,-0.87
250400,0.03,0.0,-0.83
250500,0.06,-0.02,-0.88
250600,0.03,0.0,-0.85
250700,0.05,0.01,-0.87
250800,0.04,0.0,-0.87
250900,0.04,0.0,-0.86
251000,0.03,0.01,-0.88
251100,0.03,0.02,-0.88
251200,0.04,0.03,-0.87
251300,0.04,0.02,-0.86
251400,0.05,0.0,-0.87
251500,0.03,0.02,-0.87
251600,0.05,0.0,-0.87
251700,0.02,0.0,-0.83
251800,0.04,0.0,-0.86
251900,0.03,0.0,-0.87
252000,0.04,0.01,-0.86
252100,0.04,0.02,-0.88
252200,0.04,0.0,-0.87
252300,0.04,0.0,-0.86
252400,0.0,0.02,-0.78
252500,0.03,0.01,-0.89
252600,0.04,0.0,-0.89
252700,0.04,0.0,-0.88
252800,0.03,0.01,-0.88
252900,0.03,0.0,-0.87
253000,0.04,0.0,-0.86
253100,0.03,0.01,-0.86
253200,0.05,0.01,-0.92
253300,0.03,0.01,-0.86
253400,0.04,0.0,-0.86
253500,0.03,0.0,-0.87
253600,0.03,0.0,-0.87
253700,0.04,0.01,-0.88
253800,0.02,0.01,-0.86
253900,0.04,0.01,-0.86
254000,0.03,0.0,-0.86
254100,0.04,0.01,-0.88
254200,0.04,0.01,-0.86
254300,0.04,0.0,-0.87
254400,0.04,0.0,-0.86
254500,0.03,0.01,-0.87
254600,0.04,0.01,-0.87
254700,0.04,0.0,-0.86
254800,0.04,0.0,-0.86
254900,0.04,0.01,-0.88
255000,0.04,0.0,-0.87
255100,0.01,0.02,-0.74
255200,0.04,0.0,-0.9
255300,0.03,0.01,-0.82
255400,0.04,0.01,-0.88
255500,0.04,0.01,-0.87
255600,0.03,0.0,-0.86
255700,0.04,0.0,-0.87
255800,0.04,0.0,-0.87
255900,0.04,0.0,-0.87
256000,0.04,0.01,-0.87
256100,0.04,0.0,-0.87
256200,0.04,0.0,-0.86
256300,0.03,0.01,-0.86
256400,0.04,0.01,-0.87
256500,0.04,0.0,-0.87
256600,0.04,0.01,-0.87
256700,0.04,0.02,-0.89
256800,0.04,-0.0,-0.87
256900,0.04,0.0,-0.86
257000,0.02,0.0,-0.88
257100,0.02,0.02,-0.86
257200,0.04,0.0,-0.87
257300,0.04,0.0,-0.86
257400,0.04,-0.0,-0.9
257500,0.03,0.0,-0.87
257600,0.04,0.01,-0.87
257700,0.04,0.0,-0.86
257800,0.04,0.0,-0.86
257900,0.04,0.0,-0.86
258000,0.03,0.01,-0.88
258100,0.03,0.0,-0.87
258200,0.04,0.0,-0.87
258300,0.04,0.0,-0.88
258400,0.04,0.0,-0.88
258500,0.03,0.01,-0.93
258600,0.06,0.0,-0.88
258700,0.04,-0.0,-0.83
258800,0.03,0.0,-0.87
258900,0.02,0.02,-0.87
259000,0.04,0.01,-0.86
259100,0.04,0.0,-0.87
259200,0.04,0.0,-0.86
259300,0.04,0.01,-0.87
259400,0.03,0.0,-0.87
259500,0.03,0.01,-0.87
259600,0.04,0.0,-0.87
259700,0.04,0.0,-0.87
259800,0.04,0.0,-0.87
259900,0.03,0.0,-0.86
260000,0.03,0.01,-0.87
260100,0.04,0.01,-0.87
260200,0.04,0.01,-0.87
260300,0.04,0.01,-0.87
260400,0.03,0.0,-0.88
260500,0.03,0.0,-0.86
260600,0.04,0.0,-0.87
260700,0.04,0.0,-0.88
260800,0.03,0.0,-0.86
260900,0.03,0.0,-0.87
261000,0.04,0.0,-0.87
261100,0.04,0.0,-0.85
261200,0.03,0.0,-0.88
261300,0.04,0.01,-0.87
261400,0.04,0.0,-0.88
261500,0.03,0.0,-0.86
261600,0.04,0.0,-0.87
261700,0.03,0.0,-0.87
261800,0.03,0.01,-0.87
261900,0.04,0.0,-0.87
262000,0.04,0.0,-0.87
262100,0.04,0.0,-0.87
262200,0.04,0.0,-0.87
262300,0.04,0.01,-0.87
262400,0.04,0.0,-0.87
262500,0.04,0.0,-0.86
262600,0.03,0.0,-0.87
262700,0.03,0.01,-0.87
262800,0.04,0.0,-0.87
262900,0.04,0.0,-0.87
263000,0.03,0.0,-0.86
263100,0.04,0.0,-0.86
263200,0.04,0.0,-0.87
263300,0.04,0.0,-0.87
263400,0.04,0.0,-0.87
263500,0.03,0.01,-0.86
263600,0.04,0.0,-0.88
263700,0.04,0.0,-0.87
263800,0.04,0.0,-0.87
263900,0.04,0.0,-0.87
264000,0.04,0.01,-0.88
264100,0.04,0.0,-0.87
264200,0.03,0.0,-0.87
264300,0.03,0.01,-0.87
264400,0.04,0.0,-0.87
264500,0.04,0.0,-0.87
264600,0.04,0.0,-0.87
264700,0.04,0.01,-0.87
264800,0.04,0.0,-0.87
264900,0.04,0.0,-0.86
265000,0.04,0.0,-0.87
265100,0.04,0.0,-0.86
265200,0.03,0.01,-0.87
265300,0.03,0.0,-0.86
265400,0.04,0.0,-0.87
265500,0.04,0.01,-0.87
265600,0.04,0.0,-0.87
265700,0.04,0.0,-0.86
265800,0.04,0.0,-0.87
265900,0.03,0.0,-0.88
266000,0.04,0.01,-0.86
266100,0.03,0.01,-0.87
266200,0.04,0.01,-0.87
266300,0.04,0.0,-0.87
266400,0.03,0.0,-0.86
266500,0.04,0.01,-0.86
266600,0.04,0.0,-0.88
266700,0.04,0.01,-0.86
266800,0.04,0.0,-0.87
266900,0.04,0.0,-0.87
267000,0.04,0.0,-0.87
267100,0.04,0.0,-0.86
267200,0.04,0.0,-0.86
267300,0.04,0.0,-0.86
267400,0.04,0.0,-0.87
267500,0.03,0.0,-0.87
267600,0.03,0.0,-0.87
267700,0.04,0.01,-0.87
267800,0.04,0.0,-0.87
267900,0.03,0.0,-0.86
268000,0.04,0.0,-0.87
268100,0.04,0.01,-0.88
268200,0.03,0.0,-0.86
268300,0.04,0.01,-0.86
268400,0.03,0.0,-0.87
268500,0.04,0.01,-0.87
268600,0.04,0.01,-0.87
268700,0.04,0.0,-0.87
268800,0.03,0.01,-0.88
268900,0.04,0.0,-0.87
269000,0.03,0.0,-0.86
269100,0.04,0.01,-0.87
269200,0.04,0.0,-0.87
269300,0.04,0.0,-0.86
269400,0.04,0.0,-0.87
269500,0.03,0.0,-0.87
269600,0.04,0.0,-0.87
269700,0.04,0.0,-0.87
269800,0.04,0.0,-0.87
269900,0.04,0.0,-0.88
270000,0.03,0.0,-0.87
270100,0.04,0.01,-0.87
270200,0.04,0.0,-0.86
270300,0.04,0.0,-0.87
270400,0.04,0.01,-0.86
270500,0.04,0.0,-0.87
270600,0.04,0.01,-0.87
270700,0.04,0.0,-0.87
270800,0.03,0.01,-0.87
270900,0.04,0.0,-0.87
271000,0.04,0.0,-0.87
271100,0.04,0.0,-0.87
271200,0.04,0.0,-0.87
271300,0.04,0.01,-0.86
271400,0.04,0.01,-0.87
271500,0.03,0.0,-0.88
271600,0.03,0.01,-0.86
271700,0.02,0.0,-0.88
271800,0.02,-0.01,-0.84
271900,0.05,-0.0,-0.89
272000,0.04,0.0,-0.88
272100,0.04,0.0,-0.86
272200,0.03,0.0,-0.88
272300,0.04,0.0,-0.87
272400,0.03,0.0,-0.89
272500,0.03,0.01,-0.87
272600,0.03,0.0,-0.86
272700,0.04,0.0,-0.86
272800,0.04,0.01,-0.84
272900,0.04,0.01,-0.85
273000,0.04,0.0,-0.87
273100,0.04,0.01,-0.87
273200,0.03,0.01,-0.87
273300,0.03,0.01,-0.86
273400,0.04,0.01,-0.87
273500,0.04,0.0,-0.87
273600,0.04,0.0,-0.87
273700,0.04,0.0,-0.87
273800,0.03,0.01,-0.87
273900,0.04,0.0,-0.88
274000,0.03,0.01,-0.86
274100,0.04,0.0,-0.86
274200,0.04,0.01,-0.87
274300,0.04,0.01,-0.86
274400,0.04,0.0,-0.86
274500,0.04,0.0,-0.88
274600,0.04,0.0,-0.87
274700,0.04,0.0,-0.87
274800,0.03,0.01,-0.87
274900,0.03,0.01,-0.87
275000,0.04,0.0,-0.87
275100,0.04,0.0,-0.87
275200,0.04,0.0,-0.87
275300,0.04,0.0,-0.86
275400,0.04,0.0,-0.87
275500,0.04,0.0,-0.87
275600,0.04,0.0,-0.87
275700,0.03,-0.01,-0.82
275800,0.03,0.01,-0.87
275900,0.04,0.0,-0.87
276000,0.04,0.0,-0.85
276100,0.04,0.0,-0.86
276200,0.03,0.0,-0.84
